id	organism name	file	accession number	sequences	base pair	DIV	submitted	updated	BioProject	BioSample	SRA	domain	phylum	class	order	family	genus
1	Oryza sativa Indica Group	AAAA.gz	AAAA02000001-AAAA02050231	50230	410675192	PLN	2002-01-04	2004-10-21	PRJNA361	SAMN02953581		Eukaryota	Streptophyta	Magnoliopsida	Poales	Poaceae	Oryza
2	Listeria monocytogenes	AAAABA.gz	AAAABA020000001-AAAABA020000017	17	2937088	BCT	2018-06-16	2024-10-18	PRJNA212117	SAMN02265449	SRR945150	Bacteria	Bacillota	Bacilli	Bacillales	Listeriaceae	Listeria
3	Clostridioides difficile	AAAABB.gz	AAAABB010000001-AAAABB010000254	254	4061141	BCT	2019-01-08	2019-01-30	PRJNA278886	SAMN10715316	SRR8419280	Bacteria	Bacillota	Clostridia	Peptostreptococcales	Peptostreptococcaceae	Clostridioides
4	Clostridioides difficile	AAAABC.gz	AAAABC010000001-AAAABC010000071	71	4221082	BCT	2019-01-08	2019-01-30	PRJNA278886	SAMN10715306	SRR8419290	Bacteria	Bacillota	Clostridia	Peptostreptococcales	Peptostreptococcaceae	Clostridioides
5	Clostridioides difficile	AAAABD.gz	AAAABD010000001-AAAABD010000158	158	4050811	BCT	2019-01-10	2019-01-30	PRJNA278886	SAMN10719662	SRR8426766	Bacteria	Bacillota	Clostridia	Peptostreptococcales	Peptostreptococcaceae	Clostridioides
6	Listeria monocytogenes	AAAABE.gz	AAAABE010000001-AAAABE010000020	20	2963722	BCT	2018-11-06	2019-02-01	PRJNA212117	SAMN10387713	SRR8164899	Bacteria	Bacillota	Bacilli	Bacillales	Listeriaceae	Listeria
7	Listeria monocytogenes	AAAABF.gz	AAAABF010000001-AAAABF010000027	27	3018580	BCT	2018-11-06	2019-02-01	PRJNA212117	SAMN10387722	SRR8164939	Bacteria	Bacillota	Bacilli	Bacillales	Listeriaceae	Listeria
8	Listeria monocytogenes	AAAABG.gz	AAAABG010000001-AAAABG010000019	19	3149367	BCT	2018-11-06	2020-03-09	PRJNA215355	SAMN10129610	SRR8133971	Bacteria	Bacillota	Bacilli	Bacillales	Listeriaceae	Listeria
9	Listeria monocytogenes	AAAABH.gz	AAAABH010000001-AAAABH010000071	71	2996738	BCT	2018-11-06	2020-03-09	PRJNA215355	SAMN10346448	SRR8134413	Bacteria	Bacillota	Bacilli	Bacillales	Listeriaceae	Listeria
10	Listeria monocytogenes	AAAABI.gz	AAAABI010000001-AAAABI010000134	134	3006068	BCT	2018-11-07	2019-02-01	PRJNA212117	SAMN10391514	SRR8170479	Bacteria	Bacillota	Bacilli	Bacillales	Listeriaceae	Listeria
11	Listeria monocytogenes	AAAABJ.gz	AAAABJ010000001-AAAABJ010000044	44	3066123	BCT	2018-11-07	2020-03-09	PRJNA215355	SAMN10382448	SRR8172394	Bacteria	Bacillota	Bacilli	Bacillales	Listeriaceae	Listeria
12	Listeria monocytogenes	AAAABK.gz	AAAABK010000001-AAAABK010000017	17	2914226	BCT	2018-11-08	2020-03-09	PRJNA215355	SAMN02922257	SRR8175767	Bacteria	Bacillota	Bacilli	Bacillales	Listeriaceae	Listeria
13	Listeria monocytogenes	AAAABL.gz	AAAABL010000001-AAAABL010000016	16	2899328	BCT	2018-11-08	2020-03-09	PRJNA215355	SAMN10393045	SRR8175789	Bacteria	Bacillota	Bacilli	Bacillales	Listeriaceae	Listeria
14	Listeria monocytogenes	AAAABM.gz	AAAABM010000001-AAAABM010000031	31	2904358	BCT	2018-11-08	2020-03-09	PRJNA215355	SAMN10393067	SRR8175791	Bacteria	Bacillota	Bacilli	Bacillales	Listeriaceae	Listeria
15	Listeria monocytogenes	AAAABN.gz	AAAABN010000001-AAAABN010000037	37	2923241	BCT	2018-11-08	2020-03-09	PRJNA215355	SAMN10393032	SRR8175813	Bacteria	Bacillota	Bacilli	Bacillales	Listeriaceae	Listeria
16	Listeria monocytogenes	AAAABO.gz	AAAABO010000001-AAAABO010000064	64	3128170	BCT	2018-11-08	2020-03-09	PRJNA215355	SAMN10368214	SRR8146160	Bacteria	Bacillota	Bacilli	Bacillales	Listeriaceae	Listeria
17	Listeria monocytogenes	AAAABP.gz	AAAABP010000001-AAAABP010000062	62	2946512	BCT	2018-11-09	2019-02-01	PRJNA212117	SAMN10405316	SRR8178572	Bacteria	Bacillota	Bacilli	Bacillales	Listeriaceae	Listeria
18	Listeria monocytogenes	AAAABQ.gz	AAAABQ010000001-AAAABQ010000051	51	2893808	BCT	2018-11-09	2019-02-01	PRJNA212117	SAMN10407505	SRR8180405	Bacteria	Bacillota	Bacilli	Bacillales	Listeriaceae	Listeria
19	Listeria monocytogenes	AAAABR.gz	AAAABR010000001-AAAABR010000020	20	3252909	BCT	2018-11-09	2019-02-01	PRJNA212117	SAMN10407507	SRR8180452	Bacteria	Bacillota	Bacilli	Bacillales	Listeriaceae	Listeria
20	Listeria monocytogenes	AAAABS.gz	AAAABS010000001-AAAABS010000014	14	2927138	BCT	2018-11-13	2020-03-09	PRJNA215355	SAMN02922242	SRR3945605	Bacteria	Bacillota	Bacilli	Bacillales	Listeriaceae	Listeria
21	Listeria monocytogenes	AAAABT.gz	AAAABT010000001-AAAABT010000020	20	2917299	BCT	2018-11-13	2020-03-09	PRJNA215355	SAMN05382649	SRR8182730	Bacteria	Bacillota	Bacilli	Bacillales	Listeriaceae	Listeria
22	Listeria monocytogenes	AAAABU.gz	AAAABU010000001-AAAABU010000087	87	3064384	BCT	2018-11-13	2020-03-09	PRJNA215355	SAMN10382278	SRR8184196	Bacteria	Bacillota	Bacilli	Bacillales	Listeriaceae	Listeria
23	Listeria monocytogenes	AAAABV.gz	AAAABV010000001-AAAABV010000116	116	3074387	BCT	2018-11-13	2020-03-09	PRJNA215355	SAMN10382436	SRR8184469	Bacteria	Bacillota	Bacilli	Bacillales	Listeriaceae	Listeria
24	Listeria monocytogenes	AAAABW.gz	AAAABW010000001-AAAABW010000017	17	2879446	BCT	2018-11-19	2019-02-01	PRJNA212117	SAMN10441841	SRR8207919	Bacteria	Bacillota	Bacilli	Bacillales	Listeriaceae	Listeria
25	Listeria monocytogenes	AAAABX.gz	AAAABX010000001-AAAABX010000048	48	2962272	BCT	2018-11-20	2019-02-01	PRJNA212117	SAMN10449225	SRR8209197	Bacteria	Bacillota	Bacilli	Bacillales	Listeriaceae	Listeria
26	Listeria monocytogenes	AAAABY.gz	AAAABY010000001-AAAABY010000032	32	2933619	BCT	2018-11-20	2019-02-01	PRJNA212117	SAMN10449224	SRR8209201	Bacteria	Bacillota	Bacilli	Bacillales	Listeriaceae	Listeria
27	Listeria monocytogenes	AAAABZ.gz	AAAABZ010000001-AAAABZ010000032	32	3029587	BCT	2018-11-20	2020-03-09	PRJNA215355	SAMN02922404	SRR8216307	Bacteria	Bacillota	Bacilli	Bacillales	Listeriaceae	Listeria
28	Listeria monocytogenes	AAAACA.gz	AAAACA010000001-AAAACA010000025	25	3052194	BCT	2018-11-21	2020-03-09	PRJNA215355	SAMN02922409	SRR8235343	Bacteria	Bacillota	Bacilli	Bacillales	Listeriaceae	Listeria
29	Listeria monocytogenes	AAAACB.gz	AAAACB010000001-AAAACB010000053	53	2996392	BCT	2018-11-21	2020-03-09	PRJNA215355	SAMN02921574	SRR8235427	Bacteria	Bacillota	Bacilli	Bacillales	Listeriaceae	Listeria
30	Listeria monocytogenes	AAAACC.gz	AAAACC010000001-AAAACC010000023	23	2909761	BCT	2018-11-21	2020-03-09	PRJNA215355	SAMN02937499	SRR8235534	Bacteria	Bacillota	Bacilli	Bacillales	Listeriaceae	Listeria
31	Listeria monocytogenes	AAAACD.gz	AAAACD010000001-AAAACD010000022	22	3078203	BCT	2018-11-21	2020-03-09	PRJNA215355	SAMN02923015	SRR8235625	Bacteria	Bacillota	Bacilli	Bacillales	Listeriaceae	Listeria
32	Listeria monocytogenes	AAAACE.gz	AAAACE010000001-AAAACE010000069	69	2942582	BCT	2018-11-21	2020-03-09	PRJNA215355	SAMN02921699	SRR8236041	Bacteria	Bacillota	Bacilli	Bacillales	Listeriaceae	Listeria
33	Listeria monocytogenes	AAAACF.gz	AAAACF010000001-AAAACF010000020	20	3204770	BCT	2018-11-23	2020-03-09	PRJNA215355	SAMN02923550	SRR8239073	Bacteria	Bacillota	Bacilli	Bacillales	Listeriaceae	Listeria
34	Listeria monocytogenes	AAAACG.gz	AAAACG010000001-AAAACG010000029	29	3052745	BCT	2018-11-23	2020-03-09	PRJNA215355	SAMN02923461	SRR8239115	Bacteria	Bacillota	Bacilli	Bacillales	Listeriaceae	Listeria
35	Listeria monocytogenes	AAAACH.gz	AAAACH010000001-AAAACH010000024	24	3036100	BCT	2018-11-27	2019-02-01	PRJNA212117	SAMN10484768	SRR8246774	Bacteria	Bacillota	Bacilli	Bacillales	Listeriaceae	Listeria
36	Listeria innocua	AAAACI.gz	AAAACI010000001-AAAACI010000096	96	2904578	BCT	2018-11-27	2020-03-09	PRJNA215355	SAMN10485194	SRR8247390	Bacteria	Bacillota	Bacilli	Bacillales	Listeriaceae	Listeria
37	Listeria monocytogenes	AAAACJ.gz	AAAACJ010000001-AAAACJ010000130	130	3027569	BCT	2018-11-27	2020-03-09	PRJNA215355	SAMN10485221	SRR8247558	Bacteria	Bacillota	Bacilli	Bacillales	Listeriaceae	Listeria
38	Listeria monocytogenes	AAAACK.gz	AAAACK010000001-AAAACK010000013	13	2971004	BCT	2018-09-07	2019-02-06	PRJNA212117	SAMN09990467	SRR7804152	Bacteria	Bacillota	Bacilli	Bacillales	Listeriaceae	Listeria
39	Listeria monocytogenes	AAAACL.gz	AAAACL010000001-AAAACL010000079	79	3150289	BCT	2018-09-10	2019-02-06	PRJNA212117	SAMN10026109	SRR7814062	Bacteria	Bacillota	Bacilli	Bacillales	Listeriaceae	Listeria
40	Listeria monocytogenes	AAAACM.gz	AAAACM010000001-AAAACM010000025	25	3168239	BCT	2018-09-10	2019-02-06	PRJNA212117	SAMN10026123	SRR7814059	Bacteria	Bacillota	Bacilli	Bacillales	Listeriaceae	Listeria
41	Listeria monocytogenes	AAAACN.gz	AAAACN010000001-AAAACN010000135	135	2998048	BCT	2018-09-17	2019-02-06	PRJNA212117	SAMN10078579	SRR7853564	Bacteria	Bacillota	Bacilli	Bacillales	Listeriaceae	Listeria
42	Listeria monocytogenes	AAAACO.gz	AAAACO010000001-AAAACO010000050	50	2936579	BCT	2018-09-18	2019-02-06	PRJNA212117	SAMN10081728	SRR7868420	Bacteria	Bacillota	Bacilli	Bacillales	Listeriaceae	Listeria
43	Listeria monocytogenes	AAAACP.gz	AAAACP010000001-AAAACP010000081	81	3012368	BCT	2018-09-04	2019-02-06	PRJNA212117	SAMN09951302	SRR7781532	Bacteria	Bacillota	Bacilli	Bacillales	Listeriaceae	Listeria
44	Listeria monocytogenes	AAAACQ.gz	AAAACQ010000001-AAAACQ010000030	30	3041542	BCT	2018-09-12	2019-02-06	PRJNA212117	SAMN10039739	SRR7823375	Bacteria	Bacillota	Bacilli	Bacillales	Listeriaceae	Listeria
45	Listeria monocytogenes	AAAACR.gz	AAAACR010000001-AAAACR010000027	27	2999882	BCT	2018-10-10	2019-02-06	PRJNA212117	SAMN10228373	SRR7993651	Bacteria	Bacillota	Bacilli	Bacillales	Listeriaceae	Listeria
46	Listeria monocytogenes	AAAACS.gz	AAAACS010000001-AAAACS010000093	93	2962973	BCT	2018-10-05	2019-02-06	PRJNA212117	SAMN10182665	SRR7971116	Bacteria	Bacillota	Bacilli	Bacillales	Listeriaceae	Listeria
47	Listeria monocytogenes	AAAACT.gz	AAAACT010000001-AAAACT010000021	21	3082969	BCT	2018-09-10	2019-02-06	PRJNA212117	SAMN10026138	SRR7814058	Bacteria	Bacillota	Bacilli	Bacillales	Listeriaceae	Listeria
48	Listeria monocytogenes	AAAACU.gz	AAAACU010000001-AAAACU010000017	17	2933201	BCT	2018-09-12	2019-02-06	PRJNA212117	SAMN10037442	SRR7821171	Bacteria	Bacillota	Bacilli	Bacillales	Listeriaceae	Listeria
49	Listeria monocytogenes	AAAACV.gz	AAAACV010000001-AAAACV010000017	17	2873522	BCT	2018-09-28	2019-02-06	PRJNA212117	SAMN10141865	SRR7939282	Bacteria	Bacillota	Bacilli	Bacillales	Listeriaceae	Listeria
50	Listeria monocytogenes	AAAACW.gz	AAAACW010000001-AAAACW010000049	49	3180900	BCT	2018-10-15	2019-02-06	PRJNA212117	SAMN10241672	SRR8055294	Bacteria	Bacillota	Bacilli	Bacillales	Listeriaceae	Listeria
51	Listeria monocytogenes	AAAACX.gz	AAAACX010000001-AAAACX010000053	53	3179791	BCT	2018-10-15	2019-02-06	PRJNA212117	SAMN10241704	SRR8056393	Bacteria	Bacillota	Bacilli	Bacillales	Listeriaceae	Listeria
52	Listeria monocytogenes	AAAACY.gz	AAAACY010000001-AAAACY010000023	23	2964233	BCT	2018-10-15	2019-02-06	PRJNA212117	SAMN10241673	SRR8055313	Bacteria	Bacillota	Bacilli	Bacillales	Listeriaceae	Listeria
53	Listeria monocytogenes	AAAACZ.gz	AAAACZ010000001-AAAACZ010000017	17	3019378	BCT	2018-10-15	2019-02-06	PRJNA215355	SAMN10241720	SRR8056663	Bacteria	Bacillota	Bacilli	Bacillales	Listeriaceae	Listeria
54	Listeria monocytogenes	AAAADA.gz	AAAADA010000001-AAAADA010000060	60	3079579	BCT	2018-10-21	2020-03-09	PRJNA215355	SAMN10251093	SRR8082441	Bacteria	Bacillota	Bacilli	Bacillales	Listeriaceae	Listeria
55	Listeria monocytogenes	AAAADB.gz	AAAADB010000001-AAAADB010000064	64	3064795	BCT	2018-10-16	2019-02-06	PRJNA212117	SAMN10243024	SRR8058384	Bacteria	Bacillota	Bacilli	Bacillales	Listeriaceae	Listeria
56	Listeria monocytogenes	AAAADC.gz	AAAADC010000001-AAAADC010000028	28	3077400	BCT	2018-10-30	2020-03-09	PRJNA215355	SAMN10129649	SRR7942819	Bacteria	Bacillota	Bacilli	Bacillales	Listeriaceae	Listeria
57	Listeria monocytogenes	AAAADD.gz	AAAADD010000001-AAAADD010000014	14	2960447	BCT	2018-10-18	2019-02-06	PRJNA212117	SAMN10256263	SRR8074745	Bacteria	Bacillota	Bacilli	Bacillales	Listeriaceae	Listeria
58	Listeria monocytogenes	AAAADE.gz	AAAADE010000001-AAAADE010000030	30	3016885	BCT	2018-10-15	2019-02-06	PRJNA215355	SAMN10241719	SRR8056662	Bacteria	Bacillota	Bacilli	Bacillales	Listeriaceae	Listeria
59	Listeria monocytogenes serotype 1/2a	AAAADF.gz	AAAADF010000001-AAAADF010000015	15	2948252	BCT	2018-10-15	2019-02-06	PRJNA215355	SAMN07831580	SRR6212584	Bacteria	Bacillota	Bacilli	Bacillales	Listeriaceae	Listeria
60	Listeria monocytogenes	AAAADG.gz	AAAADG010000001-AAAADG010000076	76	3061987	BCT	2018-10-21	2020-03-09	PRJNA215355	SAMN10251092	SRR8082580	Bacteria	Bacillota	Bacilli	Bacillales	Listeriaceae	Listeria
61	Listeria monocytogenes	AAAADH.gz	AAAADH010000001-AAAADH010000103	103	2914677	BCT	2018-09-21	2020-03-09	PRJNA215355	SAMN10034601	SRR7889302	Bacteria	Bacillota	Bacilli	Bacillales	Listeriaceae	Listeria
62	Listeria monocytogenes	AAAADI.gz	AAAADI010000001-AAAADI010000026	26	3092329	BCT	2018-09-28	2020-03-09	PRJNA215355	SAMN02921526	SRR7942820	Bacteria	Bacillota	Bacilli	Bacillales	Listeriaceae	Listeria
63	Listeria monocytogenes	AAAADJ.gz	AAAADJ010000001-AAAADJ010000217	217	2907729	BCT	2018-10-09	2020-03-09	PRJNA215355	SAMN02922241	SRR7989179	Bacteria	Bacillota	Bacilli	Bacillales	Listeriaceae	Listeria
64	Listeria monocytogenes	AAAADK.gz	AAAADK010000001-AAAADK010000017	17	3039395	BCT	2018-09-11	2020-03-09	PRJNA215355	SAMN09788588	SRR7819951	Bacteria	Bacillota	Bacilli	Bacillales	Listeriaceae	Listeria
65	Listeria monocytogenes	AAAADL.gz	AAAADL010000001-AAAADL010000026	26	3191616	BCT	2018-09-28	2020-03-09	PRJNA215355	SAMN02923285	SRR7942844	Bacteria	Bacillota	Bacilli	Bacillales	Listeriaceae	Listeria
66	Listeria monocytogenes	AAAADM.gz	AAAADM010000001-AAAADM010000038	38	3099651	BCT	2018-09-06	2020-03-09	PRJNA215355	SAMN02923121	SRR7702527	Bacteria	Bacillota	Bacilli	Bacillales	Listeriaceae	Listeria
67	Listeria monocytogenes	AAAADN.gz	AAAADN010000001-AAAADN010000023	23	3138223	BCT	2018-09-14	2019-02-06	PRJNA215355	SAMN10060584	SRR7829613	Bacteria	Bacillota	Bacilli	Bacillales	Listeriaceae	Listeria
68	Listeria monocytogenes	AAAADO.gz	AAAADO010000001-AAAADO010000092	92	3124200	BCT	2018-09-21	2020-03-09	PRJNA215355	SAMN02922228	SRR7889354	Bacteria	Bacillota	Bacilli	Bacillales	Listeriaceae	Listeria
69	Listeria monocytogenes	AAAADP.gz	AAAADP010000001-AAAADP010000023	23	3070608	BCT	2018-09-07	2020-03-09	PRJNA215355	SAMN02921619	SRR7799336	Bacteria	Bacillota	Bacilli	Bacillales	Listeriaceae	Listeria
70	Listeria monocytogenes	AAAADQ.gz	AAAADQ010000001-AAAADQ010000020	20	3082758	BCT	2018-09-11	2020-03-09	PRJNA215355	SAMN09788590	SRR7819949	Bacteria	Bacillota	Bacilli	Bacillales	Listeriaceae	Listeria
71	Listeria monocytogenes	AAAADR.gz	AAAADR010000001-AAAADR010000018	18	3041220	BCT	2018-09-11	2020-03-09	PRJNA215355	SAMN09788586	SRR7819950	Bacteria	Bacillota	Bacilli	Bacillales	Listeriaceae	Listeria
72	Listeria monocytogenes	AAAADS.gz	AAAADS010000001-AAAADS010000030	30	3054382	BCT	2018-06-27	2020-03-09	PRJNA215355	SAMN02923204	SRR2071980	Bacteria	Bacillota	Bacilli	Bacillales	Listeriaceae	Listeria
73	Listeria monocytogenes	AAAADT.gz	AAAADT010000001-AAAADT010000030	30	3028209	BCT	2018-06-27	2020-03-09	PRJNA215355	SAMN02922119	SRR3634438	Bacteria	Bacillota	Bacilli	Bacillales	Listeriaceae	Listeria
74	Listeria monocytogenes	AAAADU.gz	AAAADU010000001-AAAADU010000032	32	3088395	BCT	2018-06-27	2020-03-09	PRJNA215355	SAMN04192059	SRR2878354	Bacteria	Bacillota	Bacilli	Bacillales	Listeriaceae	Listeria
75	Listeria monocytogenes	AAAADV.gz	AAAADV010000001-AAAADV010000031	31	3050208	BCT	2018-06-27	2020-03-09	PRJNA215355	SAMN04192061	SRR2878356	Bacteria	Bacillota	Bacilli	Bacillales	Listeriaceae	Listeria
76	Listeria monocytogenes	AAAADW.gz	AAAADW010000001-AAAADW010000026	26	3068000	BCT	2018-06-27	2020-03-09	PRJNA215355	SAMN04192085	SRR2905964	Bacteria	Bacillota	Bacilli	Bacillales	Listeriaceae	Listeria
77	Listeria monocytogenes	AAAADX.gz	AAAADX010000001-AAAADX010000021	21	3037145	BCT	2018-06-27	2020-03-09	PRJNA215355	SAMN02922713	SRR3579421	Bacteria	Bacillota	Bacilli	Bacillales	Listeriaceae	Listeria
78	Listeria monocytogenes	AAAADY.gz	AAAADY010000001-AAAADY010000028	28	3061666	BCT	2018-06-27	2020-03-09	PRJNA215355	SAMN02922121	SRR3634440	Bacteria	Bacillota	Bacilli	Bacillales	Listeriaceae	Listeria
79	Listeria monocytogenes	AAAAEA.gz	AAAAEA010000001-AAAAEA010000041	41	3016278	BCT	2018-06-27	2020-03-09	PRJNA215355	SAMN04192058	SRR2878353	Bacteria	Bacillota	Bacilli	Bacillales	Listeriaceae	Listeria
80	Listeria monocytogenes	AAAAEB.gz	AAAAEB010000001-AAAAEB010000016	16	3007263	BCT	2018-06-27	2019-02-06	PRJNA215355	SAMN03736707	SRR3173676	Bacteria	Bacillota	Bacilli	Bacillales	Listeriaceae	Listeria
81	Listeria monocytogenes	AAAAEC.gz	AAAAEC010000001-AAAAEC010000030	30	3176875	BCT	2018-08-22	2020-03-09	PRJNA215355	SAMN06029302	SRR5056541	Bacteria	Bacillota	Bacilli	Bacillales	Listeriaceae	Listeria
82	Listeria monocytogenes	AAAAED.gz	AAAAED020000001-AAAAED020000102	102	3055051	BCT	2018-07-02	2020-12-31	PRJNA215355	SAMN03565646	SRR5311183	Bacteria	Bacillota	Bacilli	Bacillales	Listeriaceae	Listeria
83	Listeria monocytogenes	AAAAEE.gz	AAAAEE040000001-AAAAEE040000052	52	3228751	BCT	2018-08-22	2024-07-19	PRJNA215355	SAMN06029259	SRR5056323	Bacteria	Bacillota	Bacilli	Bacillales	Listeriaceae	Listeria
84	Listeria monocytogenes	AAAAEF.gz	AAAAEF010000001-AAAAEF010000018	18	2993893	BCT	2018-08-22	2019-02-06	PRJNA215355	SAMN03702788	SRR5221990	Bacteria	Bacillota	Bacilli	Bacillales	Listeriaceae	Listeria
85	Listeria monocytogenes	AAAAEG.gz	AAAAEG010000001-AAAAEG010000053	53	3129113	BCT	2018-08-23	2019-02-06	PRJNA215355	SAMN06330528	SRR5278962	Bacteria	Bacillota	Bacilli	Bacillales	Listeriaceae	Listeria
86	Listeria monocytogenes	AAAAEH.gz	AAAAEH010000001-AAAAEH010000089	89	3125771	BCT	2018-08-23	2019-02-06	PRJNA215355	SAMN06330609	SRR5292100	Bacteria	Bacillota	Bacilli	Bacillales	Listeriaceae	Listeria
87	Listeria monocytogenes	AAAAEI.gz	AAAAEI010000001-AAAAEI010000088	88	3199200	BCT	2018-08-23	2019-02-06	PRJNA215355	SAMN06555534	SRR5409482	Bacteria	Bacillota	Bacilli	Bacillales	Listeriaceae	Listeria
88	Listeria monocytogenes	AAAAEJ.gz	AAAAEJ010000001-AAAAEJ010000047	47	2964338	BCT	2018-08-23	2019-02-06	PRJNA215355	SAMN06555610	SRR5341775	Bacteria	Bacillota	Bacilli	Bacillales	Listeriaceae	Listeria
89	Listeria monocytogenes	AAAAEK.gz	AAAAEK010000001-AAAAEK010000140	140	3164235	BCT	2018-08-23	2019-02-06	PRJNA215355	SAMN06555583	SRR5341742	Bacteria	Bacillota	Bacilli	Bacillales	Listeriaceae	Listeria
90	Listeria monocytogenes	AAAAEL.gz	AAAAEL010000001-AAAAEL010000021	21	3079476	BCT	2018-09-06	2020-03-09	PRJNA215355	SAMN02922883	SRR6303974	Bacteria	Bacillota	Bacilli	Bacillales	Listeriaceae	Listeria
91	Listeria monocytogenes	AAAAEM.gz	AAAAEM010000001-AAAAEM010000268	268	3365444	BCT	2018-08-23	2019-02-06	PRJNA215355	SAMN06330577	SRR5292084	Bacteria	Bacillota	Bacilli	Bacillales	Listeriaceae	Listeria
92	Listeria monocytogenes	AAAAEN.gz	AAAAEN010000001-AAAAEN010000132	132	3231317	BCT	2018-08-23	2019-02-06	PRJNA215355	SAMN06555564	SRR5353288	Bacteria	Bacillota	Bacilli	Bacillales	Listeriaceae	Listeria
93	Listeria monocytogenes	AAAAEO.gz	AAAAEO010000001-AAAAEO010000098	98	3017763	BCT	2018-08-22	2020-03-09	PRJNA215355	SAMN02923100	SRR5571293	Bacteria	Bacillota	Bacilli	Bacillales	Listeriaceae	Listeria
94	Listeria monocytogenes	AAAAEP.gz	AAAAEP010000001-AAAAEP010000030	30	3049638	BCT	2018-06-27	2020-03-09	PRJNA215355	SAMN04192088	SRR2905965	Bacteria	Bacillota	Bacilli	Bacillales	Listeriaceae	Listeria
95	Listeria monocytogenes	AAAAEQ.gz	AAAAEQ010000001-AAAAEQ010000015	15	3052928	BCT	2018-09-06	2020-03-09	PRJNA215355	SAMN02922980	SRR5811620	Bacteria	Bacillota	Bacilli	Bacillales	Listeriaceae	Listeria
96	Listeria monocytogenes	AAAAER.gz	AAAAER010000001-AAAAER010000026	26	3058367	BCT	2018-08-29	2019-02-06	PRJNA215355	SAMN02769700	SRR1481686	Bacteria	Bacillota	Bacilli	Bacillales	Listeriaceae	Listeria
97	Listeria monocytogenes	AAAAES.gz	AAAAES010000001-AAAAES010000037	37	3050435	BCT	2018-08-22	2019-02-06	PRJNA215355	SAMN02729959	SRR1264949	Bacteria	Bacillota	Bacilli	Bacillales	Listeriaceae	Listeria
98	Listeria monocytogenes	AAAAET.gz	AAAAET010000001-AAAAET010000025	25	3096773	BCT	2018-08-22	2019-02-06	PRJNA215355	SAMN02569898	SRR1509622	Bacteria	Bacillota	Bacilli	Bacillales	Listeriaceae	Listeria
99	Listeria monocytogenes	AAAAEU.gz	AAAAEU010000001-AAAAEU010000029	29	3199077	BCT	2018-06-27	2019-02-06	PRJNA215355	SAMN03921967	SRR3611769	Bacteria	Bacillota	Bacilli	Bacillales	Listeriaceae	Listeria
100	Listeria monocytogenes	AAAAEV.gz	AAAAEV010000001-AAAAEV010000031	31	3220253	BCT	2018-08-22	2019-02-06	PRJNA215355	SAMN02569893	SRR1509578	Bacteria	Bacillota	Bacilli	Bacillales	Listeriaceae	Listeria
101	Listeria monocytogenes	AAAAEW.gz	AAAAEW010000001-AAAAEW010000019	19	3150698	BCT	2018-08-22	2020-03-09	PRJNA215355	SAMN04592639	SRR3321305	Bacteria	Bacillota	Bacilli	Bacillales	Listeriaceae	Listeria
102	Listeria monocytogenes	AAAAEX.gz	AAAAEX010000001-AAAAEX010000018	18	3180621	BCT	2018-08-22	2019-02-06	PRJNA215355	SAMN03285327	SRR3130375	Bacteria	Bacillota	Bacilli	Bacillales	Listeriaceae	Listeria
103	Listeria monocytogenes	AAAAEY.gz	AAAAEY010000001-AAAAEY010000021	21	3085184	BCT	2018-08-22	2020-03-09	PRJNA215355	SAMN02934645	SRR1535710	Bacteria	Bacillota	Bacilli	Bacillales	Listeriaceae	Listeria
104	Listeria monocytogenes	AAAAEZ.gz	AAAAEZ010000001-AAAAEZ010000017	17	3060881	BCT	2018-08-22	2020-03-09	PRJNA215355	SAMN02923563	SRR3930182	Bacteria	Bacillota	Bacilli	Bacillales	Listeriaceae	Listeria
105	Listeria monocytogenes	AAAAFA.gz	AAAAFA010000001-AAAAFA010000023	23	3183858	BCT	2018-08-22	2020-03-09	PRJNA215355	SAMN04943312	SRR3578997	Bacteria	Bacillota	Bacilli	Bacillales	Listeriaceae	Listeria
106	Listeria monocytogenes	AAAAFB.gz	AAAAFB010000001-AAAAFB010000029	29	3165790	BCT	2018-08-22	2020-03-09	PRJNA215355	SAMN04931898	SRR3497933	Bacteria	Bacillota	Bacilli	Bacillales	Listeriaceae	Listeria
107	Listeria monocytogenes	AAAAFC.gz	AAAAFC020000001-AAAAFC020000026	26	3061535	BCT	2018-08-22	2024-07-19	PRJNA215355	SAMN02850734	SRR1518560	Bacteria	Bacillota	Bacilli	Bacillales	Listeriaceae	Listeria
108	Listeria monocytogenes	AAAAFD.gz	AAAAFD010000001-AAAAFD010000039	39	3070798	BCT	2018-08-22	2020-03-09	PRJNA215355	SAMN05044520	SRR3606548	Bacteria	Bacillota	Bacilli	Bacillales	Listeriaceae	Listeria
109	Listeria monocytogenes	AAAAFE.gz	AAAAFE010000001-AAAAFE010000025	25	3074047	BCT	2018-08-22	2020-03-09	PRJNA215355	SAMN05589135	SRR4039750	Bacteria	Bacillota	Bacilli	Bacillales	Listeriaceae	Listeria
110	Listeria monocytogenes	AAAAFF.gz	AAAAFF010000001-AAAAFF010000030	30	2994798	BCT	2018-09-26	2019-02-08	PRJNA212117	SAMN10133140	SRR7905045	Bacteria	Bacillota	Bacilli	Bacillales	Listeriaceae	Listeria
111	Listeria monocytogenes	AAAAFG.gz	AAAAFG010000001-AAAAFG010000014	14	2953344	BCT	2018-10-17	2019-02-08	PRJNA212117	SAMN10251776	SRR8069672	Bacteria	Bacillota	Bacilli	Bacillales	Listeriaceae	Listeria
112	Listeria monocytogenes	AAAAFH.gz	AAAAFH010000001-AAAAFH010000023	23	3013347	BCT	2018-10-15	2019-02-08	PRJNA212117	SAMN10241688	SRR8056333	Bacteria	Bacillota	Bacilli	Bacillales	Listeriaceae	Listeria
113	Listeria monocytogenes	AAAAFI.gz	AAAAFI010000001-AAAAFI010000025	25	2943649	BCT	2018-09-26	2019-02-08	PRJNA212117	SAMN10133142	SRR7905042	Bacteria	Bacillota	Bacilli	Bacillales	Listeriaceae	Listeria
114	Listeria monocytogenes	AAAAFJ.gz	AAAAFJ010000001-AAAAFJ010000022	22	3154137	BCT	2018-10-19	2019-02-08	PRJNA212117	SAMN10261239	SRR8080669	Bacteria	Bacillota	Bacilli	Bacillales	Listeriaceae	Listeria
115	Listeria monocytogenes	AAAAFK.gz	AAAAFK010000001-AAAAFK010000059	59	2976972	BCT	2018-10-19	2019-02-08	PRJNA212117	SAMN10262273	SRR8081660	Bacteria	Bacillota	Bacilli	Bacillales	Listeriaceae	Listeria
116	Listeria monocytogenes	AAAAFL.gz	AAAAFL010000001-AAAAFL010000057	57	3143058	BCT	2018-10-19	2019-02-08	PRJNA212117	SAMN10262274	SRR8081661	Bacteria	Bacillota	Bacilli	Bacillales	Listeriaceae	Listeria
117	Listeria monocytogenes	AAAAFM.gz	AAAAFM010000001-AAAAFM010000207	207	3038725	BCT	2018-10-09	2020-03-09	PRJNA215355	SAMN10169316	SRR7989279	Bacteria	Bacillota	Bacilli	Bacillales	Listeriaceae	Listeria
118	Listeria monocytogenes	AAAAFN.gz	AAAAFN010000001-AAAAFN010000031	31	3073869	BCT	2018-09-10	2019-02-08	PRJNA215355	SAMN10026611	SRR7814593	Bacteria	Bacillota	Bacilli	Bacillales	Listeriaceae	Listeria
119	Listeria monocytogenes	AAAAFO.gz	AAAAFO010000001-AAAAFO010000117	117	3083291	BCT	2018-09-21	2020-03-09	PRJNA215355	SAMN02921663	SRR7889365	Bacteria	Bacillota	Bacilli	Bacillales	Listeriaceae	Listeria
120	Listeria monocytogenes	AAAAFP.gz	AAAAFP010000001-AAAAFP010000021	21	3135411	BCT	2018-10-04	2019-02-08	PRJNA215355	SAMN10178501	SRR7966658	Bacteria	Bacillota	Bacilli	Bacillales	Listeriaceae	Listeria
121	Listeria monocytogenes	AAAAFQ.gz	AAAAFQ010000001-AAAAFQ010000022	22	3022989	BCT	2018-09-18	2020-03-09	PRJNA215355	SAMN02921600	SRR7869062	Bacteria	Bacillota	Bacilli	Bacillales	Listeriaceae	Listeria
122	Listeria monocytogenes	AAAAFR.gz	AAAAFR010000001-AAAAFR010000014	14	2909066	BCT	2018-08-22	2019-02-08	PRJNA215355	SAMN02729964	SRR1265005	Bacteria	Bacillota	Bacilli	Bacillales	Listeriaceae	Listeria
123	Listeria monocytogenes	AAAAFS.gz	AAAAFS010000001-AAAAFS010000017	17	3053111	BCT	2018-08-22	2020-03-09	PRJNA215355	SAMN04145942	SRR2585413	Bacteria	Bacillota	Bacilli	Bacillales	Listeriaceae	Listeria
124	Listeria monocytogenes	AAAAFT.gz	AAAAFT010000001-AAAAFT010000019	19	2962604	BCT	2018-08-22	2020-03-09	PRJNA215355	SAMN02922665	SRR1763800	Bacteria	Bacillota	Bacilli	Bacillales	Listeriaceae	Listeria
125	Listeria monocytogenes	AAAAFU.gz	AAAAFU010000001-AAAAFU010000029	29	3128549	BCT	2018-06-27	2019-02-08	PRJNA215355	SAMN03736737	SRR3184170	Bacteria	Bacillota	Bacilli	Bacillales	Listeriaceae	Listeria
126	Listeria monocytogenes	AAAAFV.gz	AAAAFV010000001-AAAAFV010000021	21	3107977	BCT	2018-08-22	2020-03-09	PRJNA215355	SAMN03274505	SRR1744018	Bacteria	Bacillota	Bacilli	Bacillales	Listeriaceae	Listeria
127	Listeria monocytogenes	AAAAFW.gz	AAAAFW010000001-AAAAFW010000019	19	2973043	BCT	2018-08-22	2019-02-08	PRJNA215355	SAMN03801240	SRR2081164	Bacteria	Bacillota	Bacilli	Bacillales	Listeriaceae	Listeria
128	Listeria monocytogenes	AAAAFX.gz	AAAAFX010000001-AAAAFX010000029	29	3095978	BCT	2018-08-22	2020-03-09	PRJNA215355	SAMN02921654	SRR2585427	Bacteria	Bacillota	Bacilli	Bacillales	Listeriaceae	Listeria
129	Listeria monocytogenes	AAAAFY.gz	AAAAFY010000001-AAAAFY010000047	47	3078510	BCT	2018-08-22	2019-02-08	PRJNA215355	SAMN03890907	SRR2163250	Bacteria	Bacillota	Bacilli	Bacillales	Listeriaceae	Listeria
130	Listeria monocytogenes	AAAAFZ.gz	AAAAFZ010000001-AAAAFZ010000015	15	3057874	BCT	2018-08-22	2019-02-08	PRJNA212117	SAMN02335216	SRR1041622	Bacteria	Bacillota	Bacilli	Bacillales	Listeriaceae	Listeria
131	Listeria monocytogenes	AAAAGA.gz	AAAAGA010000001-AAAAGA010000056	56	3029444	BCT	2018-06-27	2019-02-08	PRJNA212117	SAMN04528814	SRR3473964	Bacteria	Bacillota	Bacilli	Bacillales	Listeriaceae	Listeria
132	Listeria monocytogenes	AAAAGB.gz	AAAAGB010000001-AAAAGB010000030	30	2955188	BCT	2018-10-16	2019-02-08	PRJNA212117	SAMN10243025	SRR8058383	Bacteria	Bacillota	Bacilli	Bacillales	Listeriaceae	Listeria
133	Listeria monocytogenes	AAAAGC.gz	AAAAGC010000001-AAAAGC010000054	54	3090654	BCT	2018-09-06	2019-02-08	PRJNA212117	SAMN09984821	SRR7796231	Bacteria	Bacillota	Bacilli	Bacillales	Listeriaceae	Listeria
134	Listeria monocytogenes	AAAAGD.gz	AAAAGD010000001-AAAAGD010000024	24	3104064	BCT	2018-06-27	2020-03-09	PRJNA215355	SAMN04192070	SRR2905861	Bacteria	Bacillota	Bacilli	Bacillales	Listeriaceae	Listeria
135	Listeria monocytogenes	AAAAGE.gz	AAAAGE010000001-AAAAGE010000198	198	3237239	BCT	2018-08-23	2019-02-08	PRJNA215355	SAMN06330447	SRR5278859	Bacteria	Bacillota	Bacilli	Bacillales	Listeriaceae	Listeria
136	Listeria monocytogenes	AAAAGF.gz	AAAAGF010000001-AAAAGF010000263	263	3521769	BCT	2018-08-23	2019-02-08	PRJNA215355	SAMN06477643	SRR5341906	Bacteria	Bacillota	Bacilli	Bacillales	Listeriaceae	Listeria
137	Listeria monocytogenes	AAAAGG.gz	AAAAGG010000001-AAAAGG010000028	28	3083349	BCT	2018-08-22	2020-03-09	PRJNA215355	SAMN05589136	SRR4039749	Bacteria	Bacillota	Bacilli	Bacillales	Listeriaceae	Listeria
138	Listeria monocytogenes	AAAAGH.gz	AAAAGH010000001-AAAAGH010000020	20	3077642	BCT	2018-06-27	2020-03-09	PRJNA215355	SAMN02922097	SRR3579419	Bacteria	Bacillota	Bacilli	Bacillales	Listeriaceae	Listeria
139	Listeria monocytogenes	AAAAGI.gz	AAAAGI010000001-AAAAGI010000031	31	3087478	BCT	2018-08-22	2020-03-09	PRJNA215355	SAMN02923209	SRR2082816	Bacteria	Bacillota	Bacilli	Bacillales	Listeriaceae	Listeria
140	Listeria monocytogenes	AAAAGJ.gz	AAAAGJ010000001-AAAAGJ010000026	26	3011905	BCT	2018-08-22	2020-03-09	PRJNA215355	SAMN02923207	SRR2082854	Bacteria	Bacillota	Bacilli	Bacillales	Listeriaceae	Listeria
141	Salmonella enterica	AAAAGK.gz	AAAAGK010000001-AAAAGK010000054	54	4963025	BCT	2018-05-17	2019-02-11	PRJNA271470	SAMN08640036	SRR7174964	Bacteria	Pseudomonadota	Gammaproteobacteria	Enterobacterales	Enterobacteriaceae	Salmonella
142	Shigella sonnei	AAAAGL.gz	AAAAGL010000001-AAAAGL010000473	473	4766290	BCT	2018-05-17	2019-02-11	PRJNA248792	SAMN09214378	SRR7172288	Bacteria	Pseudomonadota	Gammaproteobacteria	Enterobacterales	Enterobacteriaceae	Shigella
143	Salmonella enterica	AAAAGM.gz	AAAAGM010000001-AAAAGM010000066	66	4840663	BCT	2018-05-17	2019-02-11	PRJNA186035	SAMN09217693	SRR7175029	Bacteria	Pseudomonadota	Gammaproteobacteria	Enterobacterales	Enterobacteriaceae	Salmonella
144	Shigella sonnei	AAAAGN.gz	AAAAGN010000001-AAAAGN010000437	437	4574099	BCT	2018-05-17	2019-02-11	PRJNA248792	SAMN09213511	SRR7170929	Bacteria	Pseudomonadota	Gammaproteobacteria	Enterobacterales	Enterobacteriaceae	Shigella
145	Salmonella enterica	AAAAGO.gz	AAAAGO010000001-AAAAGO010000260	260	4697468	BCT	2018-05-17	2019-02-11	PRJNA186035	SAMN09217528	SRR7174810	Bacteria	Pseudomonadota	Gammaproteobacteria	Enterobacterales	Enterobacteriaceae	Salmonella
146	Salmonella enterica	AAAAGP.gz	AAAAGP010000001-AAAAGP010000042	42	4730399	BCT	2018-05-17	2019-02-11	PRJNA186035	SAMN09217639	SRR7174974	Bacteria	Pseudomonadota	Gammaproteobacteria	Enterobacterales	Enterobacteriaceae	Salmonella
147	Salmonella enterica	AAAAGQ.gz	AAAAGQ010000001-AAAAGQ010000071	71	4731292	BCT	2018-05-17	2019-02-11	PRJNA186035	SAMN09217489	SRR7174623	Bacteria	Pseudomonadota	Gammaproteobacteria	Enterobacterales	Enterobacteriaceae	Salmonella
148	Salmonella enterica	AAAAGR.gz	AAAAGR010000001-AAAAGR010000180	180	4620253	BCT	2018-05-17	2019-02-11	PRJNA186035	SAMN09217687	SRR7175022	Bacteria	Pseudomonadota	Gammaproteobacteria	Enterobacterales	Enterobacteriaceae	Salmonella
149	Salmonella enterica	AAAAGS.gz	AAAAGS010000001-AAAAGS010000040	40	4738678	BCT	2018-05-17	2019-02-11	PRJNA186035	SAMN09219456	SRR7175687	Bacteria	Pseudomonadota	Gammaproteobacteria	Enterobacterales	Enterobacteriaceae	Salmonella
150	Escherichia coli	AAAAGT.gz	AAAAGT020000001-AAAAGT020000228	228	5375285	BCT	2018-05-17	2020-03-07	PRJNA315192	SAMN09214406	SRR7172298	Bacteria	Pseudomonadota	Gammaproteobacteria	Enterobacterales	Enterobacteriaceae	Escherichia
151	Salmonella enterica	AAAAGU.gz	AAAAGU010000001-AAAAGU010000049	49	4803823	BCT	2018-05-17	2019-02-11	PRJNA186035	SAMN09217664	SRR7174991	Bacteria	Pseudomonadota	Gammaproteobacteria	Enterobacterales	Enterobacteriaceae	Salmonella
152	Shigella sonnei	AAAAGV.gz	AAAAGV010000001-AAAAGV010000471	471	4553819	BCT	2018-05-17	2019-02-11	PRJNA248792	SAMN09214409	SRR7172280	Bacteria	Pseudomonadota	Gammaproteobacteria	Enterobacterales	Enterobacteriaceae	Shigella
153	Salmonella enterica subsp. enterica	AAAAGW.gz	AAAAGW010000001-AAAAGW010000063	63	4736313	BCT	2018-05-17	2019-02-11	PRJNA248792	SAMN09214584	SRR7172451	Bacteria	Pseudomonadota	Gammaproteobacteria	Enterobacterales	Enterobacteriaceae	Salmonella
154	Salmonella enterica	AAAAGX.gz	AAAAGX010000001-AAAAGX010000058	58	4762704	BCT	2018-05-17	2019-02-11	PRJNA186035	SAMN09217706	SRR7175041	Bacteria	Pseudomonadota	Gammaproteobacteria	Enterobacterales	Enterobacteriaceae	Salmonella
155	Shigella sonnei	AAAAGY.gz	AAAAGY010000001-AAAAGY010000390	390	4477411	BCT	2018-05-17	2019-02-11	PRJNA248792	SAMN09213500	SRR7170930	Bacteria	Pseudomonadota	Gammaproteobacteria	Enterobacterales	Enterobacteriaceae	Shigella
156	Shigella sonnei	AAAAGZ.gz	AAAAGZ010000001-AAAAGZ010000422	422	4421372	BCT	2018-05-17	2019-02-11	PRJNA248792	SAMN09214359	SRR7172157	Bacteria	Pseudomonadota	Gammaproteobacteria	Enterobacterales	Enterobacteriaceae	Shigella
157	Shigella flexneri	AAAAHA.gz	AAAAHA010000001-AAAAHA010000352	352	4360496	BCT	2018-05-17	2019-02-11	PRJNA248792	SAMN09214364	SRR7172158	Bacteria	Pseudomonadota	Gammaproteobacteria	Enterobacterales	Enterobacteriaceae	Shigella
158	Shigella sonnei	AAAAHB.gz	AAAAHB010000001-AAAAHB010000439	439	4547409	BCT	2018-05-17	2019-02-11	PRJNA248792	SAMN09213489	SRR7170934	Bacteria	Pseudomonadota	Gammaproteobacteria	Enterobacterales	Enterobacteriaceae	Shigella
159	Shigella sonnei	AAAAHC.gz	AAAAHC010000001-AAAAHC010000434	434	4584848	BCT	2018-05-17	2019-02-11	PRJNA248792	SAMN09213540	SRR7170936	Bacteria	Pseudomonadota	Gammaproteobacteria	Enterobacterales	Enterobacteriaceae	Shigella
160	Salmonella enterica subsp. enterica serovar Anatum	AAAAHD.gz	AAAAHD010000001-AAAAHD010000050	50	4623585	BCT	2018-05-17	2019-02-11	PRJNA248792	SAMN09214734	SRR7172594	Bacteria	Pseudomonadota	Gammaproteobacteria	Enterobacterales	Enterobacteriaceae	Salmonella
161	Salmonella enterica subsp. enterica serovar Stanley	AAAAHE.gz	AAAAHE010000001-AAAAHE010000050	50	4800306	BCT	2018-05-17	2019-02-11	PRJNA248792	SAMN09214736	SRR7172591	Bacteria	Pseudomonadota	Gammaproteobacteria	Enterobacterales	Enterobacteriaceae	Salmonella
162	Shigella sonnei	AAAAHF.gz	AAAAHF010000001-AAAAHF010000492	492	4500714	BCT	2018-05-17	2019-02-11	PRJNA248792	SAMN09214408	SRR7172295	Bacteria	Pseudomonadota	Gammaproteobacteria	Enterobacterales	Enterobacteriaceae	Shigella
163	Escherichia coli	AAAAHG.gz	AAAAHG020000001-AAAAHG020000214	214	5250470	BCT	2018-05-17	2020-03-03	PRJNA315192	SAMN09214237	SRR7172057	Bacteria	Pseudomonadota	Gammaproteobacteria	Enterobacterales	Enterobacteriaceae	Escherichia
164	Salmonella enterica subsp. enterica serovar Typhimurium	AAAAHH.gz	AAAAHH010000001-AAAAHH010000068	68	4791682	BCT	2018-05-17	2019-02-11	PRJNA248792	SAMN09214738	SRR7172599	Bacteria	Pseudomonadota	Gammaproteobacteria	Enterobacterales	Enterobacteriaceae	Salmonella
165	Salmonella enterica subsp. enterica serovar Panama	AAAAHI.gz	AAAAHI010000001-AAAAHI010000104	104	4516488	BCT	2018-05-22	2019-02-11	PRJNA293224	SAMN08951142	SRR7186446	Bacteria	Pseudomonadota	Gammaproteobacteria	Enterobacterales	Enterobacteriaceae	Salmonella
166	Salmonella enterica subsp. enterica serovar Litchfield	AAAAHJ.gz	AAAAHJ010000001-AAAAHJ010000048	48	4658710	BCT	2018-05-17	2019-02-11	PRJNA248792	SAMN09214696	SRR7172578	Bacteria	Pseudomonadota	Gammaproteobacteria	Enterobacterales	Enterobacteriaceae	Salmonella
167	Salmonella enterica subsp. enterica serovar Typhimurium	AAAAHK.gz	AAAAHK010000001-AAAAHK010000057	57	4764428	BCT	2018-05-17	2019-02-11	PRJNA248792	SAMN09214730	SRR7172595	Bacteria	Pseudomonadota	Gammaproteobacteria	Enterobacterales	Enterobacteriaceae	Salmonella
168	Shigella flexneri	AAAAHL.gz	AAAAHL010000001-AAAAHL010000421	421	4389371	BCT	2018-05-17	2019-02-11	PRJNA248792	SAMN09214390	SRR7172270	Bacteria	Pseudomonadota	Gammaproteobacteria	Enterobacterales	Enterobacteriaceae	Shigella
169	Escherichia coli	AAAAHM.gz	AAAAHM020000001-AAAAHM020000380	380	5026913	BCT	2018-05-17	2020-03-04	PRJNA315192	SAMN09214361	SRR7172261	Bacteria	Pseudomonadota	Gammaproteobacteria	Enterobacterales	Enterobacteriaceae	Escherichia
170	Salmonella enterica subsp. enterica serovar Orion	AAAAHN.gz	AAAAHN010000001-AAAAHN010000064	64	4633346	BCT	2018-05-22	2019-02-11	PRJNA293224	SAMN08951162	SRR7185127	Bacteria	Pseudomonadota	Gammaproteobacteria	Enterobacterales	Enterobacteriaceae	Salmonella
171	Shigella sonnei	AAAAHO.gz	AAAAHO010000001-AAAAHO010000462	462	4772877	BCT	2018-05-17	2019-02-11	PRJNA248792	SAMN09214398	SRR7172303	Bacteria	Pseudomonadota	Gammaproteobacteria	Enterobacterales	Enterobacteriaceae	Shigella
172	Salmonella enterica subsp. enterica serovar Schwarzengrund	AAAAHP.gz	AAAAHP010000001-AAAAHP010000133	133	4878757	BCT	2018-05-22	2019-02-11	PRJNA293224	SAMN08951138	SRR7186256	Bacteria	Pseudomonadota	Gammaproteobacteria	Enterobacterales	Enterobacteriaceae	Salmonella
173	Salmonella enterica	AAAAHQ.gz	AAAAHQ010000001-AAAAHQ010000057	57	4761429	BCT	2018-05-22	2019-02-11	PRJNA186035	SAMN09221612	SRR7178518	Bacteria	Pseudomonadota	Gammaproteobacteria	Enterobacterales	Enterobacteriaceae	Salmonella
174	Salmonella enterica subsp. enterica serovar Newport	AAAAHR.gz	AAAAHR010000001-AAAAHR010000084	84	4910437	BCT	2018-05-22	2019-02-11	PRJNA293224	SAMN08951160	SRR7185131	Bacteria	Pseudomonadota	Gammaproteobacteria	Enterobacterales	Enterobacteriaceae	Salmonella
175	Shigella flexneri	AAAAHS.gz	AAAAHS010000001-AAAAHS010000399	399	4426015	BCT	2018-05-17	2019-02-11	PRJNA248792	SAMN09214759	SRR7172607	Bacteria	Pseudomonadota	Gammaproteobacteria	Enterobacterales	Enterobacteriaceae	Shigella
176	Salmonella enterica	AAAAHT.gz	AAAAHT010000001-AAAAHT010000031	31	4620413	BCT	2018-05-22	2019-02-11	PRJNA186035	SAMN09221857	SRR7178792	Bacteria	Pseudomonadota	Gammaproteobacteria	Enterobacterales	Enterobacteriaceae	Salmonella
177	Salmonella enterica subsp. enterica serovar Muenchen	AAAAHU.gz	AAAAHU010000001-AAAAHU010000034	34	4632199	BCT	2018-05-22	2019-02-11	PRJNA293224	SAMN08951165	SRR7186257	Bacteria	Pseudomonadota	Gammaproteobacteria	Enterobacterales	Enterobacteriaceae	Salmonella
178	Salmonella enterica	AAAAHV.gz	AAAAHV010000001-AAAAHV010000032	32	4675123	BCT	2018-05-22	2019-02-11	PRJNA186035	SAMN09227297	SRR7186461	Bacteria	Pseudomonadota	Gammaproteobacteria	Enterobacterales	Enterobacteriaceae	Salmonella
179	Salmonella enterica subsp. enterica serovar Braenderup	AAAAHW.gz	AAAAHW020000001-AAAAHW020000049	49	4804402	BCT	2018-05-22	2020-09-25	PRJNA186035	SAMN09227287	SRR7186455	Bacteria	Pseudomonadota	Gammaproteobacteria	Enterobacterales	Enterobacteriaceae	Salmonella
180	Salmonella enterica subsp. enterica serovar Lexington	AAAAHX.gz	AAAAHX010000001-AAAAHX010000039	39	4897781	BCT	2018-05-22	2020-03-09	PRJNA186035	SAMN09215328	SRR7186457	Bacteria	Pseudomonadota	Gammaproteobacteria	Enterobacterales	Enterobacteriaceae	Salmonella
181	Salmonella enterica	AAAAHY.gz	AAAAHY010000001-AAAAHY010000065	65	5069849	BCT	2018-05-22	2019-02-11	PRJNA186035	SAMN09227279	SRR7186451	Bacteria	Pseudomonadota	Gammaproteobacteria	Enterobacterales	Enterobacteriaceae	Salmonella
182	Shigella flexneri	AAAAHZ.gz	AAAAHZ010000001-AAAAHZ010000460	460	4399274	BCT	2018-05-23	2019-02-11	PRJNA248792	SAMN09222038	SRR7179822	Bacteria	Pseudomonadota	Gammaproteobacteria	Enterobacterales	Enterobacteriaceae	Shigella
183	Shigella sonnei	AAAAIA.gz	AAAAIA010000001-AAAAIA010000418	418	4650161	BCT	2018-05-23	2019-02-11	PRJNA248792	SAMN09222118	SRR7179951	Bacteria	Pseudomonadota	Gammaproteobacteria	Enterobacterales	Enterobacteriaceae	Shigella
184	Salmonella enterica subsp. diarizonae	AAAAIB.gz	AAAAIB010000001-AAAAIB010000067	67	4838814	BCT	2018-05-23	2019-02-11	PRJNA248792	SAMN09222440	SRR7180166	Bacteria	Pseudomonadota	Gammaproteobacteria	Enterobacterales	Enterobacteriaceae	Salmonella
185	Shigella flexneri	AAAAIC.gz	AAAAIC010000001-AAAAIC010000372	372	4422765	BCT	2018-05-23	2019-02-11	PRJNA248792	SAMN09222104	SRR7179906	Bacteria	Pseudomonadota	Gammaproteobacteria	Enterobacterales	Enterobacteriaceae	Shigella
186	Escherichia coli	AAAAID.gz	AAAAID010000001-AAAAID010000092	92	5100677	BCT	2018-05-23	2019-02-11	PRJNA248792	SAMN09225317	SRR7184211	Bacteria	Pseudomonadota	Gammaproteobacteria	Enterobacterales	Enterobacteriaceae	Escherichia
187	Escherichia coli	AAAAIE.gz	AAAAIE030000001-AAAAIE030000238	238	5286623	BCT	2018-05-23	2025-02-21	PRJNA315192	SAMN09225316	SRR7184214	Bacteria	Pseudomonadota	Gammaproteobacteria	Enterobacterales	Enterobacteriaceae	Escherichia
188	Escherichia coli	AAAAIF.gz	AAAAIF010000001-AAAAIF010000201	201	5139333	BCT	2018-05-23	2019-02-11	PRJNA248792	SAMN09222112	SRR7179943	Bacteria	Pseudomonadota	Gammaproteobacteria	Enterobacterales	Enterobacteriaceae	Escherichia
189	Escherichia coli	AAAAIG.gz	AAAAIG030000001-AAAAIG030000348	348	5345845	BCT	2018-05-23	2025-02-21	PRJNA315192	SAMN09222056	SRR7179875	Bacteria	Pseudomonadota	Gammaproteobacteria	Enterobacterales	Enterobacteriaceae	Escherichia
190	Escherichia coli	AAAAIH.gz	AAAAIH020000001-AAAAIH020000275	275	5258175	BCT	2018-05-23	2020-03-07	PRJNA315192	SAMN09225217	SRR7184208	Bacteria	Pseudomonadota	Gammaproteobacteria	Enterobacterales	Enterobacteriaceae	Escherichia
191	Shigella sonnei	AAAAII.gz	AAAAII010000001-AAAAII010000430	430	4468735	BCT	2018-05-23	2019-02-11	PRJNA248792	SAMN09225341	SRR7184223	Bacteria	Pseudomonadota	Gammaproteobacteria	Enterobacterales	Enterobacteriaceae	Shigella
192	Salmonella enterica subsp. enterica serovar Dublin	AAAAIJ.gz	AAAAIJ010000001-AAAAIJ010000051	51	4988150	BCT	2018-05-23	2019-02-11	PRJNA338674	SAMN08744581	SRR7196769	Bacteria	Pseudomonadota	Gammaproteobacteria	Enterobacterales	Enterobacteriaceae	Salmonella
193	Shigella sonnei	AAAAIK.gz	AAAAIK010000001-AAAAIK010000450	450	4572341	BCT	2018-05-23	2019-02-11	PRJNA248792	SAMN09225375	SRR7184248	Bacteria	Pseudomonadota	Gammaproteobacteria	Enterobacterales	Enterobacteriaceae	Shigella
194	Escherichia coli	AAAAIL.gz	AAAAIL020000001-AAAAIL020000245	245	5088697	BCT	2018-05-23	2020-03-07	PRJNA315192	SAMN09225425	SRR7184344	Bacteria	Pseudomonadota	Gammaproteobacteria	Enterobacterales	Enterobacteriaceae	Escherichia
195	Shigella sonnei	AAAAIM.gz	AAAAIM010000001-AAAAIM010000496	496	4782268	BCT	2018-05-23	2019-02-11	PRJNA248792	SAMN09222197	SRR7179994	Bacteria	Pseudomonadota	Gammaproteobacteria	Enterobacterales	Enterobacteriaceae	Shigella
196	Escherichia coli	AAAAIN.gz	AAAAIN030000001-AAAAIN030000257	257	5337500	BCT	2018-05-23	2025-02-21	PRJNA315192	SAMN09225587	SRR7184386	Bacteria	Pseudomonadota	Gammaproteobacteria	Enterobacterales	Enterobacteriaceae	Escherichia
197	Shigella flexneri	AAAAIO.gz	AAAAIO010000001-AAAAIO010000392	392	4356242	BCT	2018-05-23	2019-02-11	PRJNA248792	SAMN09225472	SRR7184362	Bacteria	Pseudomonadota	Gammaproteobacteria	Enterobacterales	Enterobacteriaceae	Shigella
198	Shigella boydii	AAAAIP.gz	AAAAIP010000001-AAAAIP010000464	464	4359055	BCT	2018-05-23	2019-02-11	PRJNA248792	SAMN09225378	SRR7184258	Bacteria	Pseudomonadota	Gammaproteobacteria	Enterobacterales	Enterobacteriaceae	Shigella
199	Salmonella enterica subsp. enterica serovar Panama	AAAAIQ.gz	AAAAIQ010000001-AAAAIQ010000048	48	4568280	BCT	2018-05-23	2019-02-11	PRJNA248792	SAMN09225691	SRR7184527	Bacteria	Pseudomonadota	Gammaproteobacteria	Enterobacterales	Enterobacteriaceae	Salmonella
200	Escherichia coli	AAAAIR.gz	AAAAIR020000001-AAAAIR020000287	287	5411893	BCT	2018-05-23	2020-03-07	PRJNA315192	SAMN09225601	SRR7184391	Bacteria	Pseudomonadota	Gammaproteobacteria	Enterobacterales	Enterobacteriaceae	Escherichia
201	Shigella sonnei	AAAAIS.gz	AAAAIS010000001-AAAAIS010000449	449	4481300	BCT	2018-05-23	2019-02-11	PRJNA248792	SAMN09225598	SRR7184387	Bacteria	Pseudomonadota	Gammaproteobacteria	Enterobacterales	Enterobacteriaceae	Shigella
202	Salmonella enterica subsp. enterica serovar Stanley	AAAAIT.gz	AAAAIT010000001-AAAAIT010000070	70	4796662	BCT	2018-05-23	2019-02-11	PRJNA248792	SAMN09225707	SRR7184544	Bacteria	Pseudomonadota	Gammaproteobacteria	Enterobacterales	Enterobacteriaceae	Salmonella
203	Shigella sonnei	AAAAIU.gz	AAAAIU010000001-AAAAIU010000470	470	4745835	BCT	2018-05-23	2019-02-11	PRJNA248792	SAMN09225576	SRR7184373	Bacteria	Pseudomonadota	Gammaproteobacteria	Enterobacterales	Enterobacteriaceae	Shigella
204	Shigella flexneri	AAAAIV.gz	AAAAIV010000001-AAAAIV010000336	336	4474062	BCT	2018-05-23	2019-02-11	PRJNA248792	SAMN09225392	SRR7184265	Bacteria	Pseudomonadota	Gammaproteobacteria	Enterobacterales	Enterobacteriaceae	Shigella
205	Salmonella enterica subsp. enterica serovar Nottingham	AAAAIW.gz	AAAAIW010000001-AAAAIW010000039	39	4789303	BCT	2018-05-23	2019-02-11	PRJNA248792	SAMN09225709	SRR7184534	Bacteria	Pseudomonadota	Gammaproteobacteria	Enterobacterales	Enterobacteriaceae	Salmonella
206	Salmonella enterica subsp. enterica	AAAAIX.gz	AAAAIX010000001-AAAAIX010000089	89	4901953	BCT	2018-05-23	2019-02-11	PRJNA248792	SAMN09225714	SRR7184574	Bacteria	Pseudomonadota	Gammaproteobacteria	Enterobacterales	Enterobacteriaceae	Salmonella
207	Salmonella enterica subsp. enterica serovar Agona	AAAAIY.gz	AAAAIY010000001-AAAAIY010000065	65	4765729	BCT	2018-05-24	2019-02-11	PRJNA248792	SAMN09225766	SRR7184587	Bacteria	Pseudomonadota	Gammaproteobacteria	Enterobacterales	Enterobacteriaceae	Salmonella
208	Salmonella enterica subsp. enterica serovar Coeln	AAAAIZ.gz	AAAAIZ010000001-AAAAIZ010000042	42	4614752	BCT	2018-05-23	2019-02-11	PRJNA248792	SAMN09225738	SRR7184554	Bacteria	Pseudomonadota	Gammaproteobacteria	Enterobacterales	Enterobacteriaceae	Salmonella
209	Shigella sonnei	AAAAJA.gz	AAAAJA010000001-AAAAJA010000445	445	4482128	BCT	2018-05-24	2019-02-11	PRJNA248792	SAMN09227722	SRR7187006	Bacteria	Pseudomonadota	Gammaproteobacteria	Enterobacterales	Enterobacteriaceae	Shigella
210	Salmonella enterica subsp. enterica serovar Braenderup	AAAAJB.gz	AAAAJB010000001-AAAAJB010000048	48	4688094	BCT	2018-05-23	2019-02-11	PRJNA248792	SAMN09225752	SRR7184582	Bacteria	Pseudomonadota	Gammaproteobacteria	Enterobacterales	Enterobacteriaceae	Salmonella
211	Escherichia coli	AAAAJC.gz	AAAAJC030000001-AAAAJC030000270	270	5386996	BCT	2018-05-24	2025-02-21	PRJNA315192	SAMN09227703	SRR7186946	Bacteria	Pseudomonadota	Gammaproteobacteria	Enterobacterales	Enterobacteriaceae	Escherichia
212	Escherichia coli	AAAAJD.gz	AAAAJD030000001-AAAAJD030000281	281	5309329	BCT	2018-05-24	2025-02-21	PRJNA315192	SAMN09227697	SRR7186950	Bacteria	Pseudomonadota	Gammaproteobacteria	Enterobacterales	Enterobacteriaceae	Escherichia
213	Shigella sonnei	AAAAJE.gz	AAAAJE010000001-AAAAJE010000461	461	4813709	BCT	2018-05-23	2019-02-11	PRJNA248792	SAMN09225645	SRR7184434	Bacteria	Pseudomonadota	Gammaproteobacteria	Enterobacterales	Enterobacteriaceae	Shigella
214	Shigella boydii	AAAAJF.gz	AAAAJF010000001-AAAAJF010000504	504	4208148	BCT	2018-05-24	2019-02-11	PRJNA248792	SAMN09227735	SRR7187019	Bacteria	Pseudomonadota	Gammaproteobacteria	Enterobacterales	Enterobacteriaceae	Shigella
215	Escherichia coli	AAAAJG.gz	AAAAJG020000001-AAAAJG020000332	332	5605075	BCT	2018-05-24	2020-03-07	PRJNA315192	SAMN09227675	SRR7186930	Bacteria	Pseudomonadota	Gammaproteobacteria	Enterobacterales	Enterobacteriaceae	Escherichia
216	Escherichia coli	AAAAJH.gz	AAAAJH020000001-AAAAJH020000286	286	5277086	BCT	2018-05-24	2020-03-07	PRJNA315192	SAMN09227678	SRR7186937	Bacteria	Pseudomonadota	Gammaproteobacteria	Enterobacterales	Enterobacteriaceae	Escherichia
217	Shigella flexneri	AAAAJI.gz	AAAAJI010000001-AAAAJI010000362	362	4511695	BCT	2018-05-24	2019-02-11	PRJNA248792	SAMN09227766	SRR7187044	Bacteria	Pseudomonadota	Gammaproteobacteria	Enterobacterales	Enterobacteriaceae	Shigella
218	Shigella flexneri	AAAAJJ.gz	AAAAJJ010000001-AAAAJJ010000387	387	4458340	BCT	2018-05-24	2019-02-11	PRJNA248792	SAMN09227770	SRR7187047	Bacteria	Pseudomonadota	Gammaproteobacteria	Enterobacterales	Enterobacteriaceae	Shigella
219	Salmonella enterica subsp. enterica serovar Typhimurium	AAAAJK.gz	AAAAJK010000001-AAAAJK010000040	40	4686453	BCT	2018-05-23	2019-02-11	PRJNA248792	SAMN09225753	SRR7184590	Bacteria	Pseudomonadota	Gammaproteobacteria	Enterobacterales	Enterobacteriaceae	Salmonella
220	Salmonella enterica subsp. enterica serovar Typhimurium	AAAAJL.gz	AAAAJL010000001-AAAAJL010000072	72	4879462	BCT	2018-05-24	2019-02-11	PRJNA248792	SAMN09227932	SRR7187219	Bacteria	Pseudomonadota	Gammaproteobacteria	Enterobacterales	Enterobacteriaceae	Salmonella
221	Escherichia coli	AAAAJM.gz	AAAAJM020000001-AAAAJM020000339	339	5538123	BCT	2018-05-24	2020-03-07	PRJNA315192	SAMN09227617	SRR7186897	Bacteria	Pseudomonadota	Gammaproteobacteria	Enterobacterales	Enterobacteriaceae	Escherichia
222	Escherichia coli	AAAAJN.gz	AAAAJN020000001-AAAAJN020000287	287	5433900	BCT	2018-05-24	2020-03-13	PRJNA315192	SAMN09227772	SRR7187055	Bacteria	Pseudomonadota	Gammaproteobacteria	Enterobacterales	Enterobacteriaceae	Escherichia
223	Shigella sonnei	AAAAJO.gz	AAAAJO010000001-AAAAJO010000463	463	4639300	BCT	2018-05-24	2019-02-11	PRJNA248792	SAMN09227674	SRR7186924	Bacteria	Pseudomonadota	Gammaproteobacteria	Enterobacterales	Enterobacteriaceae	Shigella
224	Shigella sonnei	AAAAJP.gz	AAAAJP010000001-AAAAJP010000488	488	4705037	BCT	2018-05-24	2019-02-11	PRJNA248792	SAMN09227799	SRR7187059	Bacteria	Pseudomonadota	Gammaproteobacteria	Enterobacterales	Enterobacteriaceae	Shigella
225	Salmonella enterica subsp. enterica serovar Typhimurium	AAAAJQ.gz	AAAAJQ010000001-AAAAJQ010000068	68	4931559	BCT	2018-05-24	2019-02-11	PRJNA248792	SAMN09228001	SRR7187261	Bacteria	Pseudomonadota	Gammaproteobacteria	Enterobacterales	Enterobacteriaceae	Salmonella
226	Salmonella enterica subsp. enterica serovar Typhimurium	AAAAJR.gz	AAAAJR010000001-AAAAJR010000105	105	4962952	BCT	2018-05-24	2019-02-11	PRJNA248792	SAMN09227940	SRR7187209	Bacteria	Pseudomonadota	Gammaproteobacteria	Enterobacterales	Enterobacteriaceae	Salmonella
227	Escherichia coli	AAAAJS.gz	AAAAJS020000001-AAAAJS020000241	241	5414398	BCT	2018-05-24	2020-03-07	PRJNA315192	SAMN09227809	SRR7187070	Bacteria	Pseudomonadota	Gammaproteobacteria	Enterobacterales	Enterobacteriaceae	Escherichia
228	Shigella sonnei	AAAAJT.gz	AAAAJT010000001-AAAAJT010000409	409	4421184	BCT	2018-05-24	2019-02-11	PRJNA248792	SAMN09228480	SRR7187755	Bacteria	Pseudomonadota	Gammaproteobacteria	Enterobacterales	Enterobacteriaceae	Shigella
229	Salmonella enterica subsp. enterica serovar Enteritidis	AAAAJU.gz	AAAAJU010000001-AAAAJU010000049	49	4697933	BCT	2018-05-24	2019-02-11	PRJNA248792	SAMN09227981	SRR7187256	Bacteria	Pseudomonadota	Gammaproteobacteria	Enterobacterales	Enterobacteriaceae	Salmonella
230	Escherichia coli	AAAAJV.gz	AAAAJV020000001-AAAAJV020000361	361	5270023	BCT	2018-05-24	2020-03-09	PRJNA315192	SAMN09227811	SRR7187072	Bacteria	Pseudomonadota	Gammaproteobacteria	Enterobacterales	Enterobacteriaceae	Escherichia
231	Salmonella enterica subsp. enterica serovar Agona	AAAAJW.gz	AAAAJW010000001-AAAAJW010000069	69	5012882	BCT	2018-05-24	2019-02-11	PRJNA248792	SAMN09228006	SRR7187280	Bacteria	Pseudomonadota	Gammaproteobacteria	Enterobacterales	Enterobacteriaceae	Salmonella
232	Shigella sonnei	AAAAJX.gz	AAAAJX010000001-AAAAJX010000463	463	4604633	BCT	2018-05-24	2019-02-11	PRJNA248792	SAMN09228528	SRR7187802	Bacteria	Pseudomonadota	Gammaproteobacteria	Enterobacterales	Enterobacteriaceae	Shigella
233	Salmonella enterica subsp. enterica serovar Enteritidis	AAAAJY.gz	AAAAJY010000001-AAAAJY010000049	49	4687073	BCT	2018-05-24	2019-02-11	PRJNA248792	SAMN09228615	SRR7187897	Bacteria	Pseudomonadota	Gammaproteobacteria	Enterobacterales	Enterobacteriaceae	Salmonella
234	Shigella flexneri	AAAAJZ.gz	AAAAJZ010000001-AAAAJZ010000416	416	4398316	BCT	2018-05-24	2019-02-11	PRJNA248792	SAMN09228489	SRR7187772	Bacteria	Pseudomonadota	Gammaproteobacteria	Enterobacterales	Enterobacteriaceae	Shigella
235	Escherichia coli	AAAAKA.gz	AAAAKA030000001-AAAAKA030000215	215	5277397	BCT	2018-05-24	2025-02-21	PRJNA315192	SAMN09228499	SRR7187790	Bacteria	Pseudomonadota	Gammaproteobacteria	Enterobacterales	Enterobacteriaceae	Escherichia
236	Shigella sonnei	AAAAKB.gz	AAAAKB010000001-AAAAKB010000429	429	4565395	BCT	2018-05-24	2019-02-11	PRJNA248792	SAMN09228553	SRR7187838	Bacteria	Pseudomonadota	Gammaproteobacteria	Enterobacterales	Enterobacteriaceae	Shigella
237	Shigella flexneri	AAAAKC.gz	AAAAKC010000001-AAAAKC010000387	387	4532916	BCT	2018-05-24	2019-02-11	PRJNA248792	SAMN09228570	SRR7187849	Bacteria	Pseudomonadota	Gammaproteobacteria	Enterobacterales	Enterobacteriaceae	Shigella
238	Salmonella enterica subsp. enterica serovar Kentucky	AAAAKD.gz	AAAAKD010000001-AAAAKD010000067	67	4848292	BCT	2018-05-24	2019-02-11	PRJNA248792	SAMN09228863	SRR7187986	Bacteria	Pseudomonadota	Gammaproteobacteria	Enterobacterales	Enterobacteriaceae	Salmonella
239	Escherichia coli	AAAAKE.gz	AAAAKE020000001-AAAAKE020000429	429	5024284	BCT	2018-05-24	2020-03-09	PRJNA315192	SAMN09228503	SRR7187783	Bacteria	Pseudomonadota	Gammaproteobacteria	Enterobacterales	Enterobacteriaceae	Escherichia
240	Shigella sonnei	AAAAKF.gz	AAAAKF010000001-AAAAKF010000457	457	4564752	BCT	2018-05-24	2019-02-11	PRJNA248792	SAMN09228611	SRR7187899	Bacteria	Pseudomonadota	Gammaproteobacteria	Enterobacterales	Enterobacteriaceae	Shigella
241	Salmonella enterica subsp. enterica serovar Telelkebir	AAAAKG.gz	AAAAKG010000001-AAAAKG010000062	62	4670437	BCT	2018-05-24	2019-02-11	PRJNA248792	SAMN09228874	SRR7187977	Bacteria	Pseudomonadota	Gammaproteobacteria	Enterobacterales	Enterobacteriaceae	Salmonella
242	Salmonella enterica subsp. enterica serovar Orientalis	AAAAKH.gz	AAAAKH010000001-AAAAKH010000094	94	4725331	BCT	2018-05-24	2019-02-11	PRJNA248792	SAMN09228830	SRR7187955	Bacteria	Pseudomonadota	Gammaproteobacteria	Enterobacterales	Enterobacteriaceae	Salmonella
243	Escherichia coli	AAAAKI.gz	AAAAKI020000001-AAAAKI020000269	269	5752753	BCT	2018-05-24	2020-03-07	PRJNA315192	SAMN09228552	SRR7187837	Bacteria	Pseudomonadota	Gammaproteobacteria	Enterobacterales	Enterobacteriaceae	Escherichia
244	Escherichia coli	AAAAKJ.gz	AAAAKJ020000001-AAAAKJ020000268	268	5444397	BCT	2018-05-24	2020-03-07	PRJNA315192	SAMN09228576	SRR7187858	Bacteria	Pseudomonadota	Gammaproteobacteria	Enterobacterales	Enterobacteriaceae	Escherichia
245	Salmonella enterica subsp. enterica serovar Stanley	AAAAKK.gz	AAAAKK010000001-AAAAKK010000049	49	4752972	BCT	2018-05-24	2019-02-11	PRJNA248792	SAMN09228882	SRR7188010	Bacteria	Pseudomonadota	Gammaproteobacteria	Enterobacterales	Enterobacteriaceae	Salmonella
246	Shigella flexneri	AAAAKL.gz	AAAAKL010000001-AAAAKL010000398	398	4448031	BCT	2018-05-24	2019-02-11	PRJNA248792	SAMN09228629	SRR7187919	Bacteria	Pseudomonadota	Gammaproteobacteria	Enterobacterales	Enterobacteriaceae	Shigella
247	Salmonella enterica subsp. enterica serovar Enteritidis	AAAAKM.gz	AAAAKM010000001-AAAAKM010000088	88	4752600	BCT	2018-05-24	2019-02-11	PRJNA248792	SAMN09228872	SRR7187985	Bacteria	Pseudomonadota	Gammaproteobacteria	Enterobacterales	Enterobacteriaceae	Salmonella
248	Salmonella enterica subsp. enterica serovar Newport	AAAAKN.gz	AAAAKN010000001-AAAAKN010000051	51	4951973	BCT	2018-05-24	2019-02-11	PRJNA248792	SAMN09228880	SRR7188005	Bacteria	Pseudomonadota	Gammaproteobacteria	Enterobacterales	Enterobacteriaceae	Salmonella
249	Salmonella enterica subsp. enterica serovar Enteritidis	AAAAKO.gz	AAAAKO010000001-AAAAKO010000084	84	4720380	BCT	2018-05-24	2019-02-11	PRJNA248792	SAMN09228895	SRR7188019	Bacteria	Pseudomonadota	Gammaproteobacteria	Enterobacterales	Enterobacteriaceae	Salmonella
250	Salmonella enterica subsp. enterica serovar Bareilly	AAAAKP.gz	AAAAKP010000001-AAAAKP010000052	52	4711351	BCT	2018-05-24	2019-02-11	PRJNA248792	SAMN09228896	SRR7188024	Bacteria	Pseudomonadota	Gammaproteobacteria	Enterobacterales	Enterobacteriaceae	Salmonella
251	Shigella sonnei	AAAAKQ.gz	AAAAKQ010000001-AAAAKQ010000425	425	4444869	BCT	2018-05-24	2019-02-11	PRJNA248792	SAMN09233243	SRR7191646	Bacteria	Pseudomonadota	Gammaproteobacteria	Enterobacterales	Enterobacteriaceae	Shigella
252	Salmonella enterica subsp. enterica serovar Saintpaul	AAAAKR.gz	AAAAKR010000001-AAAAKR010000066	66	4939321	BCT	2018-05-24	2019-02-11	PRJNA248792	SAMN09228643	SRR7187922	Bacteria	Pseudomonadota	Gammaproteobacteria	Enterobacterales	Enterobacteriaceae	Salmonella
253	Salmonella enterica subsp. enterica serovar Bareilly	AAAAKS.gz	AAAAKS010000001-AAAAKS010000041	41	4609710	BCT	2018-05-24	2019-02-11	PRJNA248792	SAMN09228906	SRR7188026	Bacteria	Pseudomonadota	Gammaproteobacteria	Enterobacterales	Enterobacteriaceae	Salmonella
254	Shigella sonnei	AAAAKT.gz	AAAAKT010000001-AAAAKT010000438	438	4619031	BCT	2018-05-24	2019-02-11	PRJNA248792	SAMN09228582	SRR7187874	Bacteria	Pseudomonadota	Gammaproteobacteria	Enterobacterales	Enterobacteriaceae	Shigella
255	Escherichia coli	AAAAKU.gz	AAAAKU010000001-AAAAKU010000453	453	5147863	BCT	2018-05-24	2019-02-11	PRJNA248792	SAMN09232586	SRR7191544	Bacteria	Pseudomonadota	Gammaproteobacteria	Enterobacterales	Enterobacteriaceae	Escherichia
256	Salmonella enterica subsp. enterica serovar Enteritidis	AAAAKV.gz	AAAAKV010000001-AAAAKV010000048	48	4812613	BCT	2018-05-24	2019-02-11	PRJNA248792	SAMN09233525	SRR7191862	Bacteria	Pseudomonadota	Gammaproteobacteria	Enterobacterales	Enterobacteriaceae	Salmonella
257	Shigella sonnei	AAAAKW.gz	AAAAKW010000001-AAAAKW010000425	425	4625926	BCT	2018-05-24	2019-02-11	PRJNA248792	SAMN09232593	SRR7191543	Bacteria	Pseudomonadota	Gammaproteobacteria	Enterobacterales	Enterobacteriaceae	Shigella
258	Escherichia coli	AAAAKX.gz	AAAAKX020000001-AAAAKX020000198	198	5237834	BCT	2018-05-24	2020-03-07	PRJNA315192	SAMN09233289	SRR7191686	Bacteria	Pseudomonadota	Gammaproteobacteria	Enterobacterales	Enterobacteriaceae	Escherichia
259	Escherichia coli	AAAAKY.gz	AAAAKY010000001-AAAAKY010000125	125	5024229	BCT	2018-05-24	2019-02-11	PRJNA248792	SAMN09232605	SRR7191555	Bacteria	Pseudomonadota	Gammaproteobacteria	Enterobacterales	Enterobacteriaceae	Escherichia
260	Shigella flexneri	AAAAKZ.gz	AAAAKZ010000001-AAAAKZ010000378	378	4452346	BCT	2018-05-24	2019-02-11	PRJNA248792	SAMN09233356	SRR7191699	Bacteria	Pseudomonadota	Gammaproteobacteria	Enterobacterales	Enterobacteriaceae	Shigella
261	Salmonella enterica subsp. enterica serovar Typhimurium	AAAALA.gz	AAAALA010000001-AAAALA010000070	70	4822245	BCT	2018-05-24	2019-02-11	PRJNA248792	SAMN09228892	SRR7188002	Bacteria	Pseudomonadota	Gammaproteobacteria	Enterobacterales	Enterobacteriaceae	Salmonella
262	Salmonella enterica subsp. enterica serovar Braenderup	AAAALB.gz	AAAALB010000001-AAAALB010000049	49	4692581	BCT	2018-05-24	2019-02-11	PRJNA248792	SAMN09233438	SRR7191725	Bacteria	Pseudomonadota	Gammaproteobacteria	Enterobacterales	Enterobacteriaceae	Salmonella
263	Salmonella enterica subsp. enterica	AAAALC.gz	AAAALC010000001-AAAALC010000103	103	5003500	BCT	2018-05-24	2019-02-11	PRJNA248792	SAMN09233517	SRR7191852	Bacteria	Pseudomonadota	Gammaproteobacteria	Enterobacterales	Enterobacteriaceae	Salmonella
264	Escherichia coli	AAAALD.gz	AAAALD010000001-AAAALD010000111	111	5227507	BCT	2018-05-24	2019-02-11	PRJNA248792	SAMN09232590	SRR7191538	Bacteria	Pseudomonadota	Gammaproteobacteria	Enterobacterales	Enterobacteriaceae	Escherichia
265	Salmonella enterica subsp. enterica serovar Bredeney	AAAALE.gz	AAAALE010000001-AAAALE010000066	66	4695581	BCT	2018-05-24	2019-02-11	PRJNA248792	SAMN09233596	SRR7191883	Bacteria	Pseudomonadota	Gammaproteobacteria	Enterobacterales	Enterobacteriaceae	Salmonella
266	Shigella sonnei	AAAALF.gz	AAAALF010000001-AAAALF010000447	447	4538938	BCT	2018-05-24	2019-02-11	PRJNA248792	SAMN09232596	SRR7191540	Bacteria	Pseudomonadota	Gammaproteobacteria	Enterobacterales	Enterobacteriaceae	Shigella
267	Salmonella enterica subsp. enterica	AAAALG.gz	AAAALG010000001-AAAALG010000078	78	4749659	BCT	2018-05-24	2019-02-11	PRJNA248792	SAMN09233444	SRR7191727	Bacteria	Pseudomonadota	Gammaproteobacteria	Enterobacterales	Enterobacteriaceae	Salmonella
268	Escherichia coli	AAAALH.gz	AAAALH020000001-AAAALH020000157	157	4824322	BCT	2018-05-24	2020-03-07	PRJNA315192	SAMN09233413	SRR7191710	Bacteria	Pseudomonadota	Gammaproteobacteria	Enterobacterales	Enterobacteriaceae	Escherichia
269	Salmonella enterica subsp. enterica serovar Senftenberg	AAAALI.gz	AAAALI010000001-AAAALI010000093	93	4859023	BCT	2018-05-24	2019-02-11	PRJNA248792	SAMN09233576	SRR7191880	Bacteria	Pseudomonadota	Gammaproteobacteria	Enterobacterales	Enterobacteriaceae	Salmonella
270	Shigella sonnei	AAAALJ.gz	AAAALJ010000001-AAAALJ010000463	463	4792577	BCT	2018-05-24	2019-02-11	PRJNA248792	SAMN09233315	SRR7191648	Bacteria	Pseudomonadota	Gammaproteobacteria	Enterobacterales	Enterobacteriaceae	Shigella
271	Salmonella enterica subsp. enterica serovar Westeinde	AAAALK.gz	AAAALK010000001-AAAALK010000074	74	4761451	BCT	2018-05-24	2019-02-11	PRJNA248792	SAMN09233652	SRR7192197	Bacteria	Pseudomonadota	Gammaproteobacteria	Enterobacterales	Enterobacteriaceae	Salmonella
272	Shigella sonnei	AAAALL.gz	AAAALL010000001-AAAALL010000457	457	4635010	BCT	2018-05-24	2019-02-11	PRJNA248792	SAMN09233453	SRR7191736	Bacteria	Pseudomonadota	Gammaproteobacteria	Enterobacterales	Enterobacteriaceae	Shigella
273	Escherichia coli	AAAALM.gz	AAAALM010000001-AAAALM010000337	337	4923827	BCT	2018-05-24	2019-02-11	PRJNA248792	SAMN09233350	SRR7191701	Bacteria	Pseudomonadota	Gammaproteobacteria	Enterobacterales	Enterobacteriaceae	Escherichia
274	Salmonella enterica subsp. enterica serovar Newport	AAAALN.gz	AAAALN010000001-AAAALN010000050	50	4600244	BCT	2018-05-24	2019-02-11	PRJNA248792	SAMN09233685	SRR7192258	Bacteria	Pseudomonadota	Gammaproteobacteria	Enterobacterales	Enterobacteriaceae	Salmonella
275	Salmonella enterica subsp. enterica serovar Malika	AAAALO.gz	AAAALO010000001-AAAALO010000356	356	4446418	BCT	2018-05-24	2019-02-11	PRJNA248792	SAMN09233451	SRR7191739	Bacteria	Pseudomonadota	Gammaproteobacteria	Enterobacterales	Enterobacteriaceae	Salmonella
276	Salmonella enterica subsp. enterica serovar Enteritidis	AAAALP.gz	AAAALP010000001-AAAALP010000032	32	4688178	BCT	2018-05-24	2019-02-11	PRJNA248792	SAMN09233696	SRR7192204	Bacteria	Pseudomonadota	Gammaproteobacteria	Enterobacterales	Enterobacteriaceae	Salmonella
277	Salmonella enterica subsp. enterica serovar Heidelberg	AAAALQ.gz	AAAALQ010000001-AAAALQ010000149	149	5042837	BCT	2018-05-26	2019-02-11	PRJNA293224	SAMN09207933	SRR7221647	Bacteria	Pseudomonadota	Gammaproteobacteria	Enterobacterales	Enterobacteriaceae	Salmonella
278	Escherichia coli	AAAALR.gz	AAAALR030000001-AAAALR030000230	230	5312229	BCT	2018-05-24	2025-02-21	PRJNA315192	SAMN09233244	SRR7191643	Bacteria	Pseudomonadota	Gammaproteobacteria	Enterobacterales	Enterobacteriaceae	Escherichia
279	Salmonella enterica subsp. enterica serovar Heidelberg	AAAALS.gz	AAAALS010000001-AAAALS010000096	96	5093272	BCT	2018-05-26	2019-02-11	PRJNA293224	SAMN09207863	SRR7221031	Bacteria	Pseudomonadota	Gammaproteobacteria	Enterobacterales	Enterobacteriaceae	Salmonella
280	Salmonella enterica	AAAALT.gz	AAAALT010000001-AAAALT010000088	88	4673831	BCT	2018-05-26	2020-03-09	PRJNA186035	SAMN09259749	SRR7217454	Bacteria	Pseudomonadota	Gammaproteobacteria	Enterobacterales	Enterobacteriaceae	Salmonella
281	Salmonella enterica subsp. enterica serovar Typhimurium	AAAALU.gz	AAAALU010000001-AAAALU010000114	114	4875137	BCT	2018-05-26	2019-02-11	PRJNA293224	SAMN09207889	SRR7192200	Bacteria	Pseudomonadota	Gammaproteobacteria	Enterobacterales	Enterobacteriaceae	Salmonella
282	Salmonella enterica subsp. enterica serovar Heidelberg	AAAALV.gz	AAAALV010000001-AAAALV010000074	74	5052998	BCT	2018-05-26	2019-02-11	PRJNA293224	SAMN09207927	SRR7221614	Bacteria	Pseudomonadota	Gammaproteobacteria	Enterobacterales	Enterobacteriaceae	Salmonella
283	Shigella sonnei	AAAALW.gz	AAAALW010000001-AAAALW010000440	440	4580447	BCT	2018-05-24	2019-02-11	PRJNA248792	SAMN09233427	SRR7191716	Bacteria	Pseudomonadota	Gammaproteobacteria	Enterobacterales	Enterobacteriaceae	Shigella
284	Salmonella enterica subsp. enterica serovar Mikawasima	AAAALX.gz	AAAALX010000001-AAAALX010000057	57	4819181	BCT	2018-05-24	2019-02-11	PRJNA248792	SAMN09233650	SRR7192196	Bacteria	Pseudomonadota	Gammaproteobacteria	Enterobacterales	Enterobacteriaceae	Salmonella
285	Salmonella enterica subsp. enterica serovar Stanley	AAAALY.gz	AAAALY010000001-AAAALY010000045	45	4638675	BCT	2018-05-24	2019-02-11	PRJNA248792	SAMN09227973	SRR7187258	Bacteria	Pseudomonadota	Gammaproteobacteria	Enterobacterales	Enterobacteriaceae	Salmonella
286	Escherichia coli	AAAALZ.gz	AAAALZ020000001-AAAALZ020000118	118	5081860	BCT	2018-05-26	2020-03-07	PRJNA315192	SAMN09238275	SRR7204208	Bacteria	Pseudomonadota	Gammaproteobacteria	Enterobacterales	Enterobacteriaceae	Escherichia
287	Shigella flexneri	AAAAMA.gz	AAAAMA010000001-AAAAMA010000347	347	4362104	BCT	2018-05-26	2019-02-11	PRJNA248792	SAMN09238475	SRR7204214	Bacteria	Pseudomonadota	Gammaproteobacteria	Enterobacterales	Enterobacteriaceae	Shigella
288	Salmonella enterica subsp. enterica serovar Durban	AAAAMB.gz	AAAAMB010000001-AAAAMB010000108	108	4506702	BCT	2018-05-26	2019-02-11	PRJNA248792	SAMN09238827	SRR7204336	Bacteria	Pseudomonadota	Gammaproteobacteria	Enterobacterales	Enterobacteriaceae	Salmonella
289	Shigella sonnei	AAAAMC.gz	AAAAMC010000001-AAAAMC010000460	460	4699494	BCT	2018-05-23	2019-02-11	PRJNA248792	SAMN09225380	SRR7184257	Bacteria	Pseudomonadota	Gammaproteobacteria	Enterobacterales	Enterobacteriaceae	Shigella
290	Salmonella enterica subsp. enterica serovar Enteritidis	AAAAMD.gz	AAAAMD010000001-AAAAMD010000066	66	4682075	BCT	2018-05-26	2019-02-11	PRJNA248792	SAMN09238814	SRR7204302	Bacteria	Pseudomonadota	Gammaproteobacteria	Enterobacterales	Enterobacteriaceae	Salmonella
291	Salmonella enterica subsp. enterica serovar Kottbus	AAAAME.gz	AAAAME010000001-AAAAME010000060	60	4694769	BCT	2018-05-26	2019-02-11	PRJNA248792	SAMN09238769	SRR7204375	Bacteria	Pseudomonadota	Gammaproteobacteria	Enterobacterales	Enterobacteriaceae	Salmonella
292	Escherichia coli	AAAAMF.gz	AAAAMF010000001-AAAAMF010000085	85	5022602	BCT	2018-05-26	2019-02-11	PRJNA248792	SAMN09238400	SRR7204199	Bacteria	Pseudomonadota	Gammaproteobacteria	Enterobacterales	Enterobacteriaceae	Escherichia
293	Shigella sonnei	AAAAMG.gz	AAAAMG010000001-AAAAMG010000401	401	4426431	BCT	2018-05-26	2019-02-11	PRJNA248792	SAMN09238631	SRR7204455	Bacteria	Pseudomonadota	Gammaproteobacteria	Enterobacterales	Enterobacteriaceae	Shigella
294	Escherichia coli	AAAAMH.gz	AAAAMH010000001-AAAAMH010000274	274	5021466	BCT	2018-05-26	2019-02-11	PRJNA248792	SAMN09238689	SRR7204415	Bacteria	Pseudomonadota	Gammaproteobacteria	Enterobacterales	Enterobacteriaceae	Escherichia
295	Escherichia coli	AAAAMI.gz	AAAAMI020000001-AAAAMI020000232	232	5068179	BCT	2018-05-26	2020-03-07	PRJNA315192	SAMN09238611	SRR7204400	Bacteria	Pseudomonadota	Gammaproteobacteria	Enterobacterales	Enterobacteriaceae	Escherichia
296	Salmonella enterica subsp. enterica serovar Enteritidis	AAAAMJ.gz	AAAAMJ010000001-AAAAMJ010000061	61	4704861	BCT	2018-05-26	2019-02-11	PRJNA248792	SAMN09238910	SRR7204609	Bacteria	Pseudomonadota	Gammaproteobacteria	Enterobacterales	Enterobacteriaceae	Salmonella
297	Salmonella enterica subsp. enterica serovar Newport	AAAAMK.gz	AAAAMK010000001-AAAAMK010000092	92	4701958	BCT	2018-05-26	2019-02-11	PRJNA248792	SAMN09238800	SRR7204435	Bacteria	Pseudomonadota	Gammaproteobacteria	Enterobacterales	Enterobacteriaceae	Salmonella
298	Salmonella enterica subsp. enterica serovar Agona	AAAAML.gz	AAAAML010000001-AAAAML010000092	92	4960737	BCT	2018-05-26	2019-02-11	PRJNA248792	SAMN09238837	SRR7204596	Bacteria	Pseudomonadota	Gammaproteobacteria	Enterobacterales	Enterobacteriaceae	Salmonella
299	Salmonella enterica subsp. enterica	AAAAMM.gz	AAAAMM010000001-AAAAMM010000107	107	4824183	BCT	2018-05-26	2019-02-11	PRJNA248792	SAMN09238809	SRR7204385	Bacteria	Pseudomonadota	Gammaproteobacteria	Enterobacterales	Enterobacteriaceae	Salmonella
300	Salmonella enterica subsp. enterica	AAAAMN.gz	AAAAMN010000001-AAAAMN010000088	88	4953965	BCT	2018-05-26	2019-02-11	PRJNA248792	SAMN09238834	SRR7204610	Bacteria	Pseudomonadota	Gammaproteobacteria	Enterobacterales	Enterobacteriaceae	Salmonella
301	Escherichia coli	AAAAMO.gz	AAAAMO020000001-AAAAMO020000142	142	5185529	BCT	2018-05-26	2020-03-07	PRJNA315192	SAMN09238668	SRR7204350	Bacteria	Pseudomonadota	Gammaproteobacteria	Enterobacterales	Enterobacteriaceae	Escherichia
302	Shigella boydii	AAAAMP.gz	AAAAMP010000001-AAAAMP010000470	470	4393024	BCT	2018-05-26	2019-02-11	PRJNA248792	SAMN09238651	SRR7204360	Bacteria	Pseudomonadota	Gammaproteobacteria	Enterobacterales	Enterobacteriaceae	Shigella
303	Salmonella enterica subsp. enterica serovar Kottbus	AAAAMQ.gz	AAAAMQ010000001-AAAAMQ010000159	159	4681302	BCT	2018-05-26	2019-02-11	PRJNA248792	SAMN09238921	SRR7204604	Bacteria	Pseudomonadota	Gammaproteobacteria	Enterobacterales	Enterobacteriaceae	Salmonella
304	Salmonella enterica subsp. enterica serovar Paratyphi A	AAAAMR.gz	AAAAMR010000001-AAAAMR010000052	52	4558205	BCT	2018-05-26	2019-02-11	PRJNA248792	SAMN09238951	SRR7204558	Bacteria	Pseudomonadota	Gammaproteobacteria	Enterobacterales	Enterobacteriaceae	Salmonella
305	Salmonella enterica subsp. enterica serovar Brandenburg	AAAAMS.gz	AAAAMS010000001-AAAAMS010000041	41	4587618	BCT	2018-05-26	2019-02-11	PRJNA248792	SAMN09238991	SRR7204492	Bacteria	Pseudomonadota	Gammaproteobacteria	Enterobacterales	Enterobacteriaceae	Salmonella
306	Salmonella enterica subsp. enterica serovar Manhattan	AAAAMT.gz	AAAAMT010000001-AAAAMT010000035	35	4597973	BCT	2018-05-26	2019-02-11	PRJNA248792	SAMN09238980	SRR7204632	Bacteria	Pseudomonadota	Gammaproteobacteria	Enterobacterales	Enterobacteriaceae	Salmonella
307	Escherichia coli	AAAAMU.gz	AAAAMU020000001-AAAAMU020000281	281	5414621	BCT	2018-05-26	2020-03-07	PRJNA315192	SAMN09244069	SRR7208461	Bacteria	Pseudomonadota	Gammaproteobacteria	Enterobacterales	Enterobacteriaceae	Escherichia
308	Salmonella enterica subsp. enterica	AAAAMV.gz	AAAAMV010000001-AAAAMV010000096	96	4906000	BCT	2018-05-26	2019-02-11	PRJNA248792	SAMN09238994	SRR7204571	Bacteria	Pseudomonadota	Gammaproteobacteria	Enterobacterales	Enterobacteriaceae	Salmonella
309	Escherichia coli	AAAAMW.gz	AAAAMW020000001-AAAAMW020000140	140	5061925	BCT	2018-05-26	2020-03-07	PRJNA315192	SAMN09244175	SRR7209027	Bacteria	Pseudomonadota	Gammaproteobacteria	Enterobacterales	Enterobacteriaceae	Escherichia
310	Salmonella enterica subsp. enterica serovar Bovismorbificans	AAAAMX.gz	AAAAMX010000001-AAAAMX010000056	56	4655176	BCT	2018-05-26	2019-02-11	PRJNA248792	SAMN09244451	SRR7209573	Bacteria	Pseudomonadota	Gammaproteobacteria	Enterobacterales	Enterobacteriaceae	Salmonella
311	Escherichia coli	AAAAMY.gz	AAAAMY020000001-AAAAMY020000226	226	5054813	BCT	2018-05-26	2020-03-07	PRJNA315192	SAMN09244112	SRR7208760	Bacteria	Pseudomonadota	Gammaproteobacteria	Enterobacterales	Enterobacteriaceae	Escherichia
312	Salmonella enterica subsp. enterica serovar Saintpaul	AAAAMZ.gz	AAAAMZ010000001-AAAAMZ010000058	58	4789422	BCT	2018-05-26	2019-02-11	PRJNA248792	SAMN09244434	SRR7209553	Bacteria	Pseudomonadota	Gammaproteobacteria	Enterobacterales	Enterobacteriaceae	Salmonella
313	Shigella sonnei	AAAANA.gz	AAAANA010000001-AAAANA010000408	408	4620514	BCT	2018-05-26	2019-02-11	PRJNA248792	SAMN09244155	SRR7208996	Bacteria	Pseudomonadota	Gammaproteobacteria	Enterobacterales	Enterobacteriaceae	Shigella
314	Salmonella enterica subsp. enterica	AAAANB.gz	AAAANB010000001-AAAANB010000072	72	4877195	BCT	2018-05-26	2019-02-11	PRJNA248792	SAMN09244449	SRR7209572	Bacteria	Pseudomonadota	Gammaproteobacteria	Enterobacterales	Enterobacteriaceae	Salmonella
315	Escherichia coli	AAAANC.gz	AAAANC020000001-AAAANC020000411	411	5484946	BCT	2018-05-26	2020-03-07	PRJNA315192	SAMN09244154	SRR7208999	Bacteria	Pseudomonadota	Gammaproteobacteria	Enterobacterales	Enterobacteriaceae	Escherichia
316	Salmonella enterica subsp. enterica serovar Weltevreden	AAAAND.gz	AAAAND010000001-AAAAND010000167	167	4969041	BCT	2018-05-26	2019-02-11	PRJNA248792	SAMN09244210	SRR7209088	Bacteria	Pseudomonadota	Gammaproteobacteria	Enterobacterales	Enterobacteriaceae	Salmonella
317	Shigella sonnei	AAAANE.gz	AAAANE010000001-AAAANE010000438	438	4640557	BCT	2018-05-26	2019-02-11	PRJNA248792	SAMN09244167	SRR7209028	Bacteria	Pseudomonadota	Gammaproteobacteria	Enterobacterales	Enterobacteriaceae	Shigella
318	Escherichia coli	AAAANF.gz	AAAANF020000001-AAAANF020000318	318	5256462	BCT	2018-05-26	2020-03-07	PRJNA315192	SAMN09244178	SRR7209050	Bacteria	Pseudomonadota	Gammaproteobacteria	Enterobacterales	Enterobacteriaceae	Escherichia
319	Salmonella enterica subsp. enterica serovar Paratyphi A	AAAANG.gz	AAAANG010000001-AAAANG010000036	36	4557650	BCT	2018-05-26	2019-02-11	PRJNA248792	SAMN09244461	SRR7209577	Bacteria	Pseudomonadota	Gammaproteobacteria	Enterobacterales	Enterobacteriaceae	Salmonella
320	Salmonella enterica subsp. enterica	AAAANH.gz	AAAANH010000001-AAAANH010000090	90	5009397	BCT	2018-05-26	2019-02-11	PRJNA248792	SAMN09244441	SRR7209567	Bacteria	Pseudomonadota	Gammaproteobacteria	Enterobacterales	Enterobacteriaceae	Salmonella
321	Salmonella enterica subsp. enterica serovar Bareilly	AAAANI.gz	AAAANI010000001-AAAANI010000045	45	4922603	BCT	2018-05-26	2019-02-11	PRJNA248792	SAMN09244442	SRR7209565	Bacteria	Pseudomonadota	Gammaproteobacteria	Enterobacterales	Enterobacteriaceae	Salmonella
322	Salmonella enterica subsp. enterica serovar Typhimurium	AAAANJ.gz	AAAANJ010000001-AAAANJ010000077	77	4850106	BCT	2018-05-26	2019-02-11	PRJNA248792	SAMN09244452	SRR7209571	Bacteria	Pseudomonadota	Gammaproteobacteria	Enterobacterales	Enterobacteriaceae	Salmonella
323	Salmonella enterica subsp. enterica serovar Mbandaka	AAAANK.gz	AAAANK010000001-AAAANK010000063	63	4874205	BCT	2018-05-27	2019-02-11	PRJNA248792	SAMN09257874	SRR7215962	Bacteria	Pseudomonadota	Gammaproteobacteria	Enterobacterales	Enterobacteriaceae	Salmonella
324	Shigella sonnei	AAAANL.gz	AAAANL010000001-AAAANL010000400	400	4453545	BCT	2018-05-27	2019-02-11	PRJNA248792	SAMN09255923	SRR7215479	Bacteria	Pseudomonadota	Gammaproteobacteria	Enterobacterales	Enterobacteriaceae	Shigella
325	Escherichia coli	AAAANM.gz	AAAANM020000001-AAAANM020000297	297	5322067	BCT	2018-05-27	2020-03-07	PRJNA315192	SAMN09255927	SRR7215506	Bacteria	Pseudomonadota	Gammaproteobacteria	Enterobacterales	Enterobacteriaceae	Escherichia
326	Shigella sonnei	AAAANN.gz	AAAANN010000001-AAAANN010000492	492	4686062	BCT	2018-05-27	2019-02-11	PRJNA248792	SAMN09257714	SRR7215525	Bacteria	Pseudomonadota	Gammaproteobacteria	Enterobacterales	Enterobacteriaceae	Shigella
327	Salmonella enterica subsp. enterica serovar Enteritidis	AAAANO.gz	AAAANO010000001-AAAANO010000052	52	4690722	BCT	2018-05-27	2019-02-11	PRJNA248792	SAMN09257910	SRR7216057	Bacteria	Pseudomonadota	Gammaproteobacteria	Enterobacterales	Enterobacteriaceae	Salmonella
328	Salmonella enterica subsp. enterica	AAAANP.gz	AAAANP010000001-AAAANP010000073	73	4934393	BCT	2018-05-27	2019-02-11	PRJNA248792	SAMN09257911	SRR7216051	Bacteria	Pseudomonadota	Gammaproteobacteria	Enterobacterales	Enterobacteriaceae	Salmonella
329	Shigella sonnei	AAAANQ.gz	AAAANQ010000001-AAAANQ010000462	462	4690674	BCT	2018-05-26	2019-02-11	PRJNA248792	SAMN09244193	SRR7209059	Bacteria	Pseudomonadota	Gammaproteobacteria	Enterobacterales	Enterobacteriaceae	Shigella
330	Salmonella enterica subsp. enterica serovar Paratyphi B var. L(+) tartrate +	AAAANR.gz	AAAANR010000001-AAAANR010000134	134	5000353	BCT	2018-05-27	2019-02-11	PRJNA248792	SAMN09257907	SRR7216047	Bacteria	Pseudomonadota	Gammaproteobacteria	Enterobacterales	Enterobacteriaceae	Salmonella
331	Escherichia coli	AAAANS.gz	AAAANS020000001-AAAANS020000208	208	5390878	BCT	2018-05-27	2020-03-07	PRJNA315192	SAMN09257721	SRR7215567	Bacteria	Pseudomonadota	Gammaproteobacteria	Enterobacterales	Enterobacteriaceae	Escherichia
332	Salmonella enterica subsp. enterica serovar Typhimurium	AAAANT.gz	AAAANT010000001-AAAANT010000130	130	4761204	BCT	2018-05-27	2019-02-11	PRJNA248792	SAMN09257981	SRR7216062	Bacteria	Pseudomonadota	Gammaproteobacteria	Enterobacterales	Enterobacteriaceae	Salmonella
333	Salmonella enterica subsp. enterica serovar Paratyphi B var. L(+) tartrate +	AAAANU.gz	AAAANU010000001-AAAANU010000062	62	4823317	BCT	2018-05-27	2019-02-11	PRJNA248792	SAMN09257980	SRR7216058	Bacteria	Pseudomonadota	Gammaproteobacteria	Enterobacterales	Enterobacteriaceae	Salmonella
334	Escherichia coli	AAAANV.gz	AAAANV010000001-AAAANV010000240	240	5291730	BCT	2018-05-27	2019-02-11	PRJNA248792	SAMN09257848	SRR7215950	Bacteria	Pseudomonadota	Gammaproteobacteria	Enterobacterales	Enterobacteriaceae	Escherichia
335	Salmonella enterica subsp. enterica serovar Enteritidis	AAAANW.gz	AAAANW010000001-AAAANW010000051	51	4687687	BCT	2018-05-27	2019-02-11	PRJNA248792	SAMN09257875	SRR7215965	Bacteria	Pseudomonadota	Gammaproteobacteria	Enterobacterales	Enterobacteriaceae	Salmonella
336	Salmonella enterica subsp. enterica serovar Typhimurium	AAAANX.gz	AAAANX010000001-AAAANX010000081	81	5076679	BCT	2018-05-27	2019-02-11	PRJNA248792	SAMN09257976	SRR7216067	Bacteria	Pseudomonadota	Gammaproteobacteria	Enterobacterales	Enterobacteriaceae	Salmonella
337	Shigella flexneri	AAAANY.gz	AAAANY010000001-AAAANY010000402	402	4400115	BCT	2018-05-27	2019-02-11	PRJNA248792	SAMN09257767	SRR7215919	Bacteria	Pseudomonadota	Gammaproteobacteria	Enterobacterales	Enterobacteriaceae	Shigella
338	Salmonella enterica subsp. enterica serovar Braenderup	AAAANZ.gz	AAAANZ010000001-AAAANZ010000091	91	4987406	BCT	2018-05-27	2019-02-11	PRJNA248792	SAMN09257901	SRR7215991	Bacteria	Pseudomonadota	Gammaproteobacteria	Enterobacterales	Enterobacteriaceae	Salmonella
339	Escherichia coli	AAAAOA.gz	AAAAOA020000001-AAAAOA020000339	339	5468535	BCT	2018-05-27	2020-03-07	PRJNA315192	SAMN09266927	SRR7221236	Bacteria	Pseudomonadota	Gammaproteobacteria	Enterobacterales	Enterobacteriaceae	Escherichia
340	Salmonella enterica subsp. enterica serovar Enteritidis	AAAAOB.gz	AAAAOB010000001-AAAAOB010000065	65	4681606	BCT	2018-05-27	2019-02-11	PRJNA248792	SAMN09267007	SRR7221347	Bacteria	Pseudomonadota	Gammaproteobacteria	Enterobacterales	Enterobacteriaceae	Salmonella
341	Escherichia coli	AAAAOC.gz	AAAAOC020000001-AAAAOC020000229	229	5425692	BCT	2018-05-27	2020-03-07	PRJNA315192	SAMN09266699	SRR7221039	Bacteria	Pseudomonadota	Gammaproteobacteria	Enterobacterales	Enterobacteriaceae	Escherichia
342	Escherichia coli	AAAAOD.gz	AAAAOD010000001-AAAAOD010000189	189	5196644	BCT	2018-05-27	2019-02-11	PRJNA248792	SAMN09266705	SRR7221096	Bacteria	Pseudomonadota	Gammaproteobacteria	Enterobacterales	Enterobacteriaceae	Escherichia
343	Shigella flexneri	AAAAOE.gz	AAAAOE010000001-AAAAOE010000383	383	4439752	BCT	2018-05-27	2019-02-11	PRJNA248792	SAMN09266745	SRR7221201	Bacteria	Pseudomonadota	Gammaproteobacteria	Enterobacterales	Enterobacteriaceae	Shigella
344	Salmonella enterica subsp. enterica serovar Typhimurium	AAAAOF.gz	AAAAOF010000001-AAAAOF010000107	107	5045104	BCT	2018-05-27	2019-02-11	PRJNA248792	SAMN09267023	SRR7221349	Bacteria	Pseudomonadota	Gammaproteobacteria	Enterobacterales	Enterobacteriaceae	Salmonella
345	Escherichia coli	AAAAOG.gz	AAAAOG010000001-AAAAOG010000170	170	5215211	BCT	2018-05-27	2019-02-11	PRJNA248792	SAMN09266942	SRR7221261	Bacteria	Pseudomonadota	Gammaproteobacteria	Enterobacterales	Enterobacteriaceae	Escherichia
346	Salmonella enterica subsp. enterica	AAAAOH.gz	AAAAOH010000001-AAAAOH010000083	83	4947817	BCT	2018-05-27	2019-02-11	PRJNA248792	SAMN09266997	SRR7221331	Bacteria	Pseudomonadota	Gammaproteobacteria	Enterobacterales	Enterobacteriaceae	Salmonella
347	Shigella flexneri	AAAAOI.gz	AAAAOI010000001-AAAAOI010000452	452	4387318	BCT	2018-05-27	2019-02-11	PRJNA248792	SAMN09266789	SRR7221216	Bacteria	Pseudomonadota	Gammaproteobacteria	Enterobacterales	Enterobacteriaceae	Shigella
348	Salmonella enterica subsp. enterica serovar Hvittingfoss	AAAAOJ.gz	AAAAOJ010000001-AAAAOJ010000046	46	4624268	BCT	2018-05-27	2019-02-11	PRJNA248792	SAMN09267017	SRR7221352	Bacteria	Pseudomonadota	Gammaproteobacteria	Enterobacterales	Enterobacteriaceae	Salmonella
349	Escherichia coli	AAAAOK.gz	AAAAOK020000001-AAAAOK020000268	268	5372379	BCT	2018-05-27	2020-03-13	PRJNA315192	SAMN09266931	SRR7221242	Bacteria	Pseudomonadota	Gammaproteobacteria	Enterobacterales	Enterobacteriaceae	Escherichia
350	Shigella sonnei	AAAAOL.gz	AAAAOL010000001-AAAAOL010000489	489	4666445	BCT	2018-05-27	2019-02-11	PRJNA248792	SAMN09266963	SRR7221274	Bacteria	Pseudomonadota	Gammaproteobacteria	Enterobacterales	Enterobacteriaceae	Shigella
351	Shigella flexneri	AAAAOM.gz	AAAAOM010000001-AAAAOM010000369	369	4486425	BCT	2018-05-27	2019-02-11	PRJNA248792	SAMN09266934	SRR7221244	Bacteria	Pseudomonadota	Gammaproteobacteria	Enterobacterales	Enterobacteriaceae	Shigella
352	Salmonella enterica subsp. enterica serovar Paratyphi B var. L(+) tartrate +	AAAAON.gz	AAAAON010000001-AAAAON010000046	46	4692363	BCT	2018-05-27	2019-02-11	PRJNA248792	SAMN09267058	SRR7221397	Bacteria	Pseudomonadota	Gammaproteobacteria	Enterobacterales	Enterobacteriaceae	Salmonella
353	Shigella flexneri	AAAAOO.gz	AAAAOO010000001-AAAAOO010000423	423	4542197	BCT	2018-05-27	2019-02-11	PRJNA248792	SAMN09266776	SRR7221206	Bacteria	Pseudomonadota	Gammaproteobacteria	Enterobacterales	Enterobacteriaceae	Shigella
354	Shigella flexneri	AAAAOP.gz	AAAAOP010000001-AAAAOP010000351	351	4429288	BCT	2018-05-27	2019-02-11	PRJNA248792	SAMN09266987	SRR7221292	Bacteria	Pseudomonadota	Gammaproteobacteria	Enterobacterales	Enterobacteriaceae	Shigella
355	Salmonella enterica subsp. enterica	AAAAOQ.gz	AAAAOQ010000001-AAAAOQ010000102	102	4924240	BCT	2018-05-27	2019-02-11	PRJNA248792	SAMN09267038	SRR7221373	Bacteria	Pseudomonadota	Gammaproteobacteria	Enterobacterales	Enterobacteriaceae	Salmonella
356	Salmonella enterica subsp. enterica serovar Virchow	AAAAOR.gz	AAAAOR010000001-AAAAOR010000053	53	4700484	BCT	2018-05-27	2019-02-11	PRJNA248792	SAMN09267113	SRR7221430	Bacteria	Pseudomonadota	Gammaproteobacteria	Enterobacterales	Enterobacteriaceae	Salmonella
357	Escherichia coli	AAAAOS.gz	AAAAOS020000001-AAAAOS020000240	240	5289499	BCT	2018-05-27	2020-03-07	PRJNA315192	SAMN09266965	SRR7221271	Bacteria	Pseudomonadota	Gammaproteobacteria	Enterobacterales	Enterobacteriaceae	Escherichia
358	Shigella sonnei	AAAAOU.gz	AAAAOU010000001-AAAAOU010000458	458	4532910	BCT	2018-05-27	2019-02-11	PRJNA248792	SAMN09268774	SRR7223058	Bacteria	Pseudomonadota	Gammaproteobacteria	Enterobacterales	Enterobacteriaceae	Shigella
359	Shigella sonnei	AAAAOV.gz	AAAAOV010000001-AAAAOV010000471	471	4481577	BCT	2018-05-27	2019-02-11	PRJNA248792	SAMN09268772	SRR7223055	Bacteria	Pseudomonadota	Gammaproteobacteria	Enterobacterales	Enterobacteriaceae	Shigella
360	Shigella sonnei	AAAAOW.gz	AAAAOW010000001-AAAAOW010000482	482	4722850	BCT	2018-05-27	2019-02-11	PRJNA248792	SAMN09268769	SRR7223041	Bacteria	Pseudomonadota	Gammaproteobacteria	Enterobacterales	Enterobacteriaceae	Shigella
361	Salmonella enterica subsp. enterica serovar Enteritidis	AAAAOX.gz	AAAAOX010000001-AAAAOX010000039	39	4736021	BCT	2018-05-27	2019-02-11	PRJNA248792	SAMN09268903	SRR7223181	Bacteria	Pseudomonadota	Gammaproteobacteria	Enterobacterales	Enterobacteriaceae	Salmonella
362	Salmonella enterica subsp. enterica serovar Enteritidis	AAAAOY.gz	AAAAOY010000001-AAAAOY010000041	41	4727109	BCT	2018-05-27	2019-02-11	PRJNA248792	SAMN09268880	SRR7223157	Bacteria	Pseudomonadota	Gammaproteobacteria	Enterobacterales	Enterobacteriaceae	Salmonella
363	Escherichia coli	AAAAOZ.gz	AAAAOZ030000001-AAAAOZ030000279	279	5249095	BCT	2018-05-27	2025-02-21	PRJNA315192	SAMN09268832	SRR7223105	Bacteria	Pseudomonadota	Gammaproteobacteria	Enterobacterales	Enterobacteriaceae	Escherichia
364	Escherichia coli	AAAAPA.gz	AAAAPA020000001-AAAAPA020000303	303	5455270	BCT	2018-05-27	2020-03-07	PRJNA315192	SAMN09268811	SRR7223085	Bacteria	Pseudomonadota	Gammaproteobacteria	Enterobacterales	Enterobacteriaceae	Escherichia
365	Salmonella enterica subsp. enterica serovar Typhimurium	AAAAPB.gz	AAAAPB010000001-AAAAPB010000073	73	4889396	BCT	2018-05-27	2019-02-11	PRJNA248792	SAMN09268962	SRR7223246	Bacteria	Pseudomonadota	Gammaproteobacteria	Enterobacterales	Enterobacteriaceae	Salmonella
366	Salmonella enterica subsp. enterica serovar Agama	AAAAPC.gz	AAAAPC010000001-AAAAPC010000071	71	4543242	BCT	2018-05-27	2019-02-11	PRJNA248792	SAMN09268920	SRR7223201	Bacteria	Pseudomonadota	Gammaproteobacteria	Enterobacterales	Enterobacteriaceae	Salmonella
367	Salmonella enterica subsp. enterica	AAAAPD.gz	AAAAPD010000001-AAAAPD010000097	97	5026407	BCT	2018-05-27	2019-02-11	PRJNA248792	SAMN09268946	SRR7223222	Bacteria	Pseudomonadota	Gammaproteobacteria	Enterobacterales	Enterobacteriaceae	Salmonella
368	Salmonella enterica subsp. enterica serovar Hadar	AAAAPE.gz	AAAAPE010000001-AAAAPE010000074	74	4998859	BCT	2018-05-27	2019-02-11	PRJNA248792	SAMN09268888	SRR7223172	Bacteria	Pseudomonadota	Gammaproteobacteria	Enterobacterales	Enterobacteriaceae	Salmonella
369	Escherichia coli	AAAAPF.gz	AAAAPF010000001-AAAAPF010000063	63	5110310	BCT	2018-05-27	2019-02-11	PRJNA248792	SAMN09268817	SRR7223082	Bacteria	Pseudomonadota	Gammaproteobacteria	Enterobacterales	Enterobacteriaceae	Escherichia
370	Salmonella enterica subsp. enterica serovar Blockley	AAAAPG.gz	AAAAPG010000001-AAAAPG010000053	53	4754962	BCT	2018-05-27	2019-02-11	PRJNA248792	SAMN09268921	SRR7223204	Bacteria	Pseudomonadota	Gammaproteobacteria	Enterobacterales	Enterobacteriaceae	Salmonella
371	Salmonella enterica subsp. enterica serovar Sandiego	AAAAPH.gz	AAAAPH010000001-AAAAPH010000094	94	4899777	BCT	2018-05-27	2019-02-11	PRJNA248792	SAMN09268927	SRR7223200	Bacteria	Pseudomonadota	Gammaproteobacteria	Enterobacterales	Enterobacteriaceae	Salmonella
372	Salmonella enterica subsp. enterica serovar Coeln	AAAAPI.gz	AAAAPI010000001-AAAAPI010000037	37	4660080	BCT	2018-05-27	2019-02-11	PRJNA248792	SAMN09268965	SRR7223243	Bacteria	Pseudomonadota	Gammaproteobacteria	Enterobacterales	Enterobacteriaceae	Salmonella
373	Salmonella enterica subsp. enterica serovar Tennessee	AAAAPJ.gz	AAAAPJ010000001-AAAAPJ010000091	91	5243163	BCT	2018-05-27	2019-02-11	PRJNA248792	SAMN09268912	SRR7223190	Bacteria	Pseudomonadota	Gammaproteobacteria	Enterobacterales	Enterobacteriaceae	Salmonella
374	Salmonella enterica subsp. enterica serovar Typhimurium	AAAAPK.gz	AAAAPK010000001-AAAAPK010000131	131	4823896	BCT	2018-05-27	2019-02-11	PRJNA248792	SAMN09268931	SRR7223211	Bacteria	Pseudomonadota	Gammaproteobacteria	Enterobacterales	Enterobacteriaceae	Salmonella
375	Shigella sonnei	AAAAPL.gz	AAAAPL010000001-AAAAPL010000404	404	4518590	BCT	2018-05-27	2019-02-11	PRJNA248792	SAMN09268815	SRR7223084	Bacteria	Pseudomonadota	Gammaproteobacteria	Enterobacterales	Enterobacteriaceae	Shigella
376	Shigella sonnei	AAAAPM.gz	AAAAPM010000001-AAAAPM010000490	490	4752774	BCT	2018-05-27	2019-02-11	PRJNA248792	SAMN09268882	SRR7223159	Bacteria	Pseudomonadota	Gammaproteobacteria	Enterobacterales	Enterobacteriaceae	Shigella
377	Salmonella enterica subsp. enterica serovar Typhimurium	AAAAPN.gz	AAAAPN010000001-AAAAPN010000084	84	4911170	BCT	2018-05-27	2019-02-11	PRJNA248792	SAMN09268979	SRR7223258	Bacteria	Pseudomonadota	Gammaproteobacteria	Enterobacterales	Enterobacteriaceae	Salmonella
378	Salmonella enterica subsp. enterica	AAAAPO.gz	AAAAPO010000001-AAAAPO010000090	90	4985129	BCT	2018-05-27	2019-02-11	PRJNA248792	SAMN09268926	SRR7223202	Bacteria	Pseudomonadota	Gammaproteobacteria	Enterobacterales	Enterobacteriaceae	Salmonella
379	Salmonella enterica subsp. enterica serovar London	AAAAPP.gz	AAAAPP010000001-AAAAPP010000090	90	4778571	BCT	2018-05-27	2019-02-11	PRJNA248792	SAMN09268951	SRR7223227	Bacteria	Pseudomonadota	Gammaproteobacteria	Enterobacterales	Enterobacteriaceae	Salmonella
380	Shigella flexneri	AAAAPQ.gz	AAAAPQ010000001-AAAAPQ010000405	405	4603155	BCT	2018-05-27	2019-02-11	PRJNA248792	SAMN09267000	SRR7221326	Bacteria	Pseudomonadota	Gammaproteobacteria	Enterobacterales	Enterobacteriaceae	Shigella
381	Shigella sonnei	AAAAPR.gz	AAAAPR010000001-AAAAPR010000435	435	4753551	BCT	2018-05-27	2019-02-11	PRJNA248792	SAMN09268860	SRR7223141	Bacteria	Pseudomonadota	Gammaproteobacteria	Enterobacterales	Enterobacteriaceae	Shigella
382	Salmonella enterica	AAAAPS.gz	AAAAPS010000001-AAAAPS010000051	51	4759664	BCT	2018-05-29	2019-02-11	PRJNA186035	SAMN09267257	SRR7231518	Bacteria	Pseudomonadota	Gammaproteobacteria	Enterobacterales	Enterobacteriaceae	Salmonella
383	Salmonella enterica	AAAAPT.gz	AAAAPT010000001-AAAAPT010000086	86	5120874	BCT	2018-05-29	2019-02-11	PRJNA186035	SAMN09267289	SRR7229780	Bacteria	Pseudomonadota	Gammaproteobacteria	Enterobacterales	Enterobacteriaceae	Salmonella
384	Salmonella enterica	AAAAPU.gz	AAAAPU010000001-AAAAPU010000057	57	4790574	BCT	2018-05-29	2019-02-11	PRJNA186035	SAMN09267290	SRR7231984	Bacteria	Pseudomonadota	Gammaproteobacteria	Enterobacterales	Enterobacteriaceae	Salmonella
385	Salmonella enterica subsp. enterica serovar Heidelberg	AAAAPV.gz	AAAAPV010000001-AAAAPV010000183	183	5032880	BCT	2018-05-30	2019-02-11	PRJNA293224	SAMN09207912	SRR7232380	Bacteria	Pseudomonadota	Gammaproteobacteria	Enterobacterales	Enterobacteriaceae	Salmonella
386	Shigella sonnei	AAAAPW.gz	AAAAPW010000001-AAAAPW010000420	420	4560664	BCT	2018-05-30	2019-02-11	PRJNA248792	SAMN09276287	SRR7230241	Bacteria	Pseudomonadota	Gammaproteobacteria	Enterobacterales	Enterobacteriaceae	Shigella
387	Escherichia coli	AAAAPX.gz	AAAAPX020000001-AAAAPX020000269	269	5214932	BCT	2018-05-30	2020-03-07	PRJNA315192	SAMN09276265	SRR7230164	Bacteria	Pseudomonadota	Gammaproteobacteria	Enterobacterales	Enterobacteriaceae	Escherichia
388	Shigella flexneri	AAAAPY.gz	AAAAPY010000001-AAAAPY010000357	357	4506314	BCT	2018-05-30	2019-02-11	PRJNA248792	SAMN09276317	SRR7230304	Bacteria	Pseudomonadota	Gammaproteobacteria	Enterobacterales	Enterobacteriaceae	Shigella
389	Escherichia coli	AAAAPZ.gz	AAAAPZ020000001-AAAAPZ020000246	246	5388302	BCT	2018-05-30	2020-03-07	PRJNA315192	SAMN09276281	SRR7230223	Bacteria	Pseudomonadota	Gammaproteobacteria	Enterobacterales	Enterobacteriaceae	Escherichia
390	Escherichia coli	AAAAQA.gz	AAAAQA010000001-AAAAQA010000203	203	4897580	BCT	2018-05-30	2019-02-11	PRJNA248792	SAMN09276279	SRR7230214	Bacteria	Pseudomonadota	Gammaproteobacteria	Enterobacterales	Enterobacteriaceae	Escherichia
391	Salmonella enterica subsp. enterica serovar Hadar	AAAAQB.gz	AAAAQB010000001-AAAAQB010000086	86	4869779	BCT	2018-05-30	2019-02-11	PRJNA248792	SAMN09276878	SRR7230714	Bacteria	Pseudomonadota	Gammaproteobacteria	Enterobacterales	Enterobacteriaceae	Salmonella
392	Escherichia coli	AAAAQC.gz	AAAAQC020000001-AAAAQC020000338	338	5410738	BCT	2018-05-30	2020-03-07	PRJNA315192	SAMN09276791	SRR7230355	Bacteria	Pseudomonadota	Gammaproteobacteria	Enterobacterales	Enterobacteriaceae	Escherichia
393	Shigella flexneri	AAAAQD.gz	AAAAQD010000001-AAAAQD010000391	391	4539713	BCT	2018-05-30	2019-02-11	PRJNA248792	SAMN09276812	SRR7230372	Bacteria	Pseudomonadota	Gammaproteobacteria	Enterobacterales	Enterobacteriaceae	Shigella
394	Escherichia coli	AAAAQE.gz	AAAAQE020000001-AAAAQE020000246	246	5524200	BCT	2018-05-30	2020-03-13	PRJNA315192	SAMN09276326	SRR7230310	Bacteria	Pseudomonadota	Gammaproteobacteria	Enterobacterales	Enterobacteriaceae	Escherichia
395	Shigella flexneri	AAAAQF.gz	AAAAQF010000001-AAAAQF010000366	366	4434302	BCT	2018-05-30	2019-02-11	PRJNA248792	SAMN09276274	SRR7230207	Bacteria	Pseudomonadota	Gammaproteobacteria	Enterobacterales	Enterobacteriaceae	Shigella
396	Escherichia coli	AAAAQG.gz	AAAAQG020000001-AAAAQG020000232	232	5249747	BCT	2018-05-30	2020-03-07	PRJNA315192	SAMN09276503	SRR7230313	Bacteria	Pseudomonadota	Gammaproteobacteria	Enterobacterales	Enterobacteriaceae	Escherichia
397	Salmonella enterica subsp. enterica serovar Richmond	AAAAQH.gz	AAAAQH010000001-AAAAQH010000071	71	4778524	BCT	2018-05-30	2019-02-11	PRJNA248792	SAMN09277845	SRR7230742	Bacteria	Pseudomonadota	Gammaproteobacteria	Enterobacterales	Enterobacteriaceae	Salmonella
398	Salmonella enterica subsp. enterica serovar Newport	AAAAQI.gz	AAAAQI010000001-AAAAQI010000054	54	4696452	BCT	2018-05-30	2019-02-11	PRJNA248792	SAMN09277795	SRR7230734	Bacteria	Pseudomonadota	Gammaproteobacteria	Enterobacterales	Enterobacteriaceae	Salmonella
399	Shigella boydii	AAAAQJ.gz	AAAAQJ010000001-AAAAQJ010000465	465	4372125	BCT	2018-05-30	2019-02-11	PRJNA248792	SAMN09276782	SRR7230337	Bacteria	Pseudomonadota	Gammaproteobacteria	Enterobacterales	Enterobacteriaceae	Shigella
400	Escherichia coli	AAAAQK.gz	AAAAQK020000001-AAAAQK020000239	239	5297186	BCT	2018-05-30	2020-03-07	PRJNA315192	SAMN09276597	SRR7230333	Bacteria	Pseudomonadota	Gammaproteobacteria	Enterobacterales	Enterobacteriaceae	Escherichia
401	Salmonella enterica subsp. enterica serovar Typhimurium	AAAAQL.gz	AAAAQL010000001-AAAAQL010000059	59	4830863	BCT	2018-05-30	2019-02-11	PRJNA248792	SAMN09277838	SRR7230756	Bacteria	Pseudomonadota	Gammaproteobacteria	Enterobacterales	Enterobacteriaceae	Salmonella
402	Shigella sonnei	AAAAQM.gz	AAAAQM010000001-AAAAQM010000438	438	4703241	BCT	2018-05-30	2019-02-11	PRJNA248792	SAMN09276808	SRR7230380	Bacteria	Pseudomonadota	Gammaproteobacteria	Enterobacterales	Enterobacteriaceae	Shigella
403	Salmonella enterica subsp. enterica serovar Agama	AAAAQN.gz	AAAAQN010000001-AAAAQN010000051	51	4546062	BCT	2018-05-30	2019-02-11	PRJNA248792	SAMN09277801	SRR7230723	Bacteria	Pseudomonadota	Gammaproteobacteria	Enterobacterales	Enterobacteriaceae	Salmonella
404	Salmonella enterica subsp. enterica serovar Sundsvall	AAAAQO.gz	AAAAQO010000001-AAAAQO010000061	61	4662344	BCT	2018-05-30	2019-02-11	PRJNA248792	SAMN09277805	SRR7230737	Bacteria	Pseudomonadota	Gammaproteobacteria	Enterobacterales	Enterobacteriaceae	Salmonella
405	Escherichia coli	AAAAQP.gz	AAAAQP010000001-AAAAQP010000110	110	4657709	BCT	2018-05-30	2019-02-11	PRJNA248792	SAMN09276842	SRR7230694	Bacteria	Pseudomonadota	Gammaproteobacteria	Enterobacterales	Enterobacteriaceae	Escherichia
406	Salmonella enterica subsp. enterica	AAAAQQ.gz	AAAAQQ010000001-AAAAQQ010000159	159	5090753	BCT	2018-05-30	2019-02-11	PRJNA248792	SAMN09277846	SRR7230748	Bacteria	Pseudomonadota	Gammaproteobacteria	Enterobacterales	Enterobacteriaceae	Salmonella
407	Salmonella enterica subsp. enterica serovar Heidelberg	AAAAQR.gz	AAAAQR010000001-AAAAQR010000048	48	4969469	BCT	2018-06-01	2019-02-11	PRJNA293224	SAMN09207849	SRR7250105	Bacteria	Pseudomonadota	Gammaproteobacteria	Enterobacterales	Enterobacteriaceae	Salmonella
408	Salmonella enterica subsp. enterica serovar Braenderup	AAAAQS.gz	AAAAQS010000001-AAAAQS010000042	42	4661963	BCT	2018-05-30	2019-02-11	PRJNA248792	SAMN09277841	SRR7230749	Bacteria	Pseudomonadota	Gammaproteobacteria	Enterobacterales	Enterobacteriaceae	Salmonella
409	Escherichia coli	AAAAQT.gz	AAAAQT020000001-AAAAQT020000173	173	5462009	BCT	2018-05-30	2020-03-07	PRJNA315192	SAMN09276786	SRR7230336	Bacteria	Pseudomonadota	Gammaproteobacteria	Enterobacterales	Enterobacteriaceae	Escherichia
410	Salmonella enterica subsp. enterica serovar Typhimurium	AAAAQU.gz	AAAAQU010000001-AAAAQU010000134	134	4813687	BCT	2018-06-02	2019-02-11	PRJNA248792	SAMN09284887	SRR7236640	Bacteria	Pseudomonadota	Gammaproteobacteria	Enterobacterales	Enterobacteriaceae	Salmonella
411	Shigella flexneri	AAAAQV.gz	AAAAQV010000001-AAAAQV010000440	440	4423850	BCT	2018-06-02	2019-02-11	PRJNA248792	SAMN09284018	SRR7236441	Bacteria	Pseudomonadota	Gammaproteobacteria	Enterobacterales	Enterobacteriaceae	Shigella
412	Salmonella enterica subsp. enterica serovar Heidelberg	AAAAQW.gz	AAAAQW010000001-AAAAQW010000075	75	4986118	BCT	2018-05-30	2019-02-11	PRJNA293224	SAMN09207901	SRR7233616	Bacteria	Pseudomonadota	Gammaproteobacteria	Enterobacterales	Enterobacteriaceae	Salmonella
413	Salmonella enterica subsp. enterica serovar Oranienburg	AAAAQX.gz	AAAAQX010000001-AAAAQX010000067	67	4622461	BCT	2018-06-02	2019-02-11	PRJNA248792	SAMN09285300	SRR7236691	Bacteria	Pseudomonadota	Gammaproteobacteria	Enterobacterales	Enterobacteriaceae	Salmonella
414	Escherichia coli	AAAAQY.gz	AAAAQY010000001-AAAAQY010000450	450	4870989	BCT	2018-05-31	2019-02-11	PRJNA248792	SAMN09284000	SRR7236428	Bacteria	Pseudomonadota	Gammaproteobacteria	Enterobacterales	Enterobacteriaceae	Escherichia
415	Salmonella enterica subsp. enterica serovar Braenderup	AAAAQZ.gz	AAAAQZ010000001-AAAAQZ010000066	66	4746518	BCT	2018-06-02	2019-02-11	PRJNA248792	SAMN09285049	SRR7236679	Bacteria	Pseudomonadota	Gammaproteobacteria	Enterobacterales	Enterobacteriaceae	Salmonella
416	Salmonella enterica subsp. diarizonae	AAAARA.gz	AAAARA010000001-AAAARA010000069	69	4941195	BCT	2018-06-02	2019-02-11	PRJNA248792	SAMN09285439	SRR7236713	Bacteria	Pseudomonadota	Gammaproteobacteria	Enterobacterales	Enterobacteriaceae	Salmonella
417	Salmonella enterica subsp. enterica serovar Kentucky	AAAARB.gz	AAAARB010000001-AAAARB010000056	56	4879903	BCT	2018-06-02	2019-02-11	PRJNA248792	SAMN09286113	SRR7237425	Bacteria	Pseudomonadota	Gammaproteobacteria	Enterobacterales	Enterobacteriaceae	Salmonella
418	Escherichia coli	AAAARC.gz	AAAARC020000001-AAAARC020000319	319	5501020	BCT	2018-06-02	2020-03-07	PRJNA315192	SAMN09284686	SRR7236582	Bacteria	Pseudomonadota	Gammaproteobacteria	Enterobacterales	Enterobacteriaceae	Escherichia
419	Salmonella enterica subsp. enterica serovar Oranienburg	AAAARD.gz	AAAARD010000001-AAAARD010000047	47	4667192	BCT	2018-06-02	2019-02-11	PRJNA248792	SAMN09286128	SRR7237428	Bacteria	Pseudomonadota	Gammaproteobacteria	Enterobacterales	Enterobacteriaceae	Salmonella
420	Escherichia coli	AAAARE.gz	AAAARE030000001-AAAARE030000207	207	5327621	BCT	2018-06-02	2025-02-21	PRJNA315192	SAMN09284064	SRR7236572	Bacteria	Pseudomonadota	Gammaproteobacteria	Enterobacterales	Enterobacteriaceae	Escherichia
421	Salmonella enterica subsp. enterica serovar Enteritidis	AAAARF.gz	AAAARF010000001-AAAARF010000050	50	4704890	BCT	2018-06-02	2019-02-11	PRJNA248792	SAMN09285819	SRR7236721	Bacteria	Pseudomonadota	Gammaproteobacteria	Enterobacterales	Enterobacteriaceae	Salmonella
422	Salmonella enterica subsp. enterica serovar Kentucky	AAAARG.gz	AAAARG010000001-AAAARG010000096	96	4897356	BCT	2018-06-02	2019-02-11	PRJNA248792	SAMN09285813	SRR7236725	Bacteria	Pseudomonadota	Gammaproteobacteria	Enterobacterales	Enterobacteriaceae	Salmonella
423	Salmonella enterica subsp. enterica serovar Enteritidis	AAAARH.gz	AAAARH010000001-AAAARH010000135	135	4703532	BCT	2018-06-02	2019-02-11	PRJNA248792	SAMN09286118	SRR7237430	Bacteria	Pseudomonadota	Gammaproteobacteria	Enterobacterales	Enterobacteriaceae	Salmonella
424	Shigella sonnei	AAAARI.gz	AAAARI010000001-AAAARI010000502	502	4873123	BCT	2018-06-02	2019-02-11	PRJNA248792	SAMN09284713	SRR7236604	Bacteria	Pseudomonadota	Gammaproteobacteria	Enterobacterales	Enterobacteriaceae	Shigella
425	Salmonella enterica subsp. enterica serovar Typhimurium	AAAARJ.gz	AAAARJ010000001-AAAARJ010000064	64	4947187	BCT	2018-06-02	2019-02-11	PRJNA248792	SAMN09286612	SRR7237465	Bacteria	Pseudomonadota	Gammaproteobacteria	Enterobacterales	Enterobacteriaceae	Salmonella
426	Salmonella enterica subsp. enterica serovar Typhimurium	AAAARK.gz	AAAARK010000001-AAAARK010000066	66	4795131	BCT	2018-06-02	2019-02-11	PRJNA248792	SAMN09290503	SRR7244398	Bacteria	Pseudomonadota	Gammaproteobacteria	Enterobacterales	Enterobacteriaceae	Salmonella
427	Salmonella enterica subsp. enterica serovar Virchow	AAAARL.gz	AAAARL010000001-AAAARL010000055	55	4729428	BCT	2018-06-02	2019-02-11	PRJNA248792	SAMN09290444	SRR7244368	Bacteria	Pseudomonadota	Gammaproteobacteria	Enterobacterales	Enterobacteriaceae	Salmonella
428	Escherichia coli	AAAARM.gz	AAAARM020000001-AAAARM020000280	280	5404646	BCT	2018-06-02	2020-03-07	PRJNA315192	SAMN09285288	SRR7236685	Bacteria	Pseudomonadota	Gammaproteobacteria	Enterobacterales	Enterobacteriaceae	Escherichia
429	Escherichia coli	AAAARN.gz	AAAARN020000001-AAAARN020000153	153	4959057	BCT	2018-06-02	2020-03-07	PRJNA315192	SAMN09290317	SRR7244229	Bacteria	Pseudomonadota	Gammaproteobacteria	Enterobacterales	Enterobacteriaceae	Escherichia
430	Escherichia coli	AAAARO.gz	AAAARO020000001-AAAARO020000163	163	5488270	BCT	2018-06-02	2020-03-07	PRJNA315192	SAMN09290414	SRR7244362	Bacteria	Pseudomonadota	Gammaproteobacteria	Enterobacterales	Enterobacteriaceae	Escherichia
431	Shigella flexneri	AAAARP.gz	AAAARP010000001-AAAARP010000366	366	4528180	BCT	2018-06-02	2019-02-11	PRJNA248792	SAMN09290371	SRR7244277	Bacteria	Pseudomonadota	Gammaproteobacteria	Enterobacterales	Enterobacteriaceae	Shigella
432	Shigella sonnei	AAAARQ.gz	AAAARQ010000001-AAAARQ010000423	423	4378155	BCT	2018-06-02	2019-02-11	PRJNA248792	SAMN09290366	SRR7244287	Bacteria	Pseudomonadota	Gammaproteobacteria	Enterobacterales	Enterobacteriaceae	Shigella
433	Escherichia coli	AAAARR.gz	AAAARR010000001-AAAARR010000161	161	5340479	BCT	2018-06-02	2019-02-11	PRJNA248792	SAMN09290370	SRR7244285	Bacteria	Pseudomonadota	Gammaproteobacteria	Enterobacterales	Enterobacteriaceae	Escherichia
434	Salmonella enterica subsp. enterica serovar Newport	AAAARS.gz	AAAARS010000001-AAAARS010000070	70	4814592	BCT	2018-06-02	2019-02-11	PRJNA248792	SAMN09290519	SRR7244408	Bacteria	Pseudomonadota	Gammaproteobacteria	Enterobacterales	Enterobacteriaceae	Salmonella
435	Salmonella enterica subsp. enterica serovar Typhimurium	AAAART.gz	AAAART010000001-AAAART010000085	85	4876994	BCT	2018-06-02	2019-02-11	PRJNA248792	SAMN09290507	SRR7244395	Bacteria	Pseudomonadota	Gammaproteobacteria	Enterobacterales	Enterobacteriaceae	Salmonella
436	Salmonella enterica subsp. enterica serovar Haifa	AAAARU.gz	AAAARU010000001-AAAARU010000052	52	4635558	BCT	2018-06-02	2019-02-11	PRJNA248792	SAMN09290523	SRR7244411	Bacteria	Pseudomonadota	Gammaproteobacteria	Enterobacterales	Enterobacteriaceae	Salmonella
437	Shigella sonnei	AAAARV.gz	AAAARV010000001-AAAARV010000451	451	4526175	BCT	2018-06-02	2019-02-11	PRJNA248792	SAMN09294975	SRR7249521	Bacteria	Pseudomonadota	Gammaproteobacteria	Enterobacterales	Enterobacteriaceae	Shigella
438	Salmonella enterica subsp. enterica serovar Tennessee	AAAARW.gz	AAAARW010000001-AAAARW010000062	62	4897102	BCT	2018-06-02	2019-02-11	PRJNA248792	SAMN09295110	SRR7249778	Bacteria	Pseudomonadota	Gammaproteobacteria	Enterobacterales	Enterobacteriaceae	Salmonella
439	Shigella sonnei	AAAARX.gz	AAAARX010000001-AAAARX010000421	421	4504038	BCT	2018-06-02	2019-02-11	PRJNA248792	SAMN09290386	SRR7244292	Bacteria	Pseudomonadota	Gammaproteobacteria	Enterobacterales	Enterobacteriaceae	Shigella
440	Shigella sonnei	AAAARY.gz	AAAARY010000001-AAAARY010000463	463	4547844	BCT	2018-06-02	2019-02-11	PRJNA248792	SAMN09295000	SRR7249694	Bacteria	Pseudomonadota	Gammaproteobacteria	Enterobacterales	Enterobacteriaceae	Shigella
441	Salmonella enterica subsp. enterica serovar Schwarzengrund	AAAARZ.gz	AAAARZ010000001-AAAARZ010000089	89	4696860	BCT	2018-06-02	2019-02-11	PRJNA248792	SAMN09295157	SRR7249819	Bacteria	Pseudomonadota	Gammaproteobacteria	Enterobacterales	Enterobacteriaceae	Salmonella
442	Shigella sonnei	AAAASA.gz	AAAASA010000001-AAAASA010000475	475	4648146	BCT	2018-06-02	2019-02-11	PRJNA248792	SAMN09295038	SRR7249727	Bacteria	Pseudomonadota	Gammaproteobacteria	Enterobacterales	Enterobacteriaceae	Shigella
443	Escherichia coli	AAAASB.gz	AAAASB030000001-AAAASB030000386	386	5441080	BCT	2018-06-02	2025-02-21	PRJNA315192	SAMN09294961	SRR7249509	Bacteria	Pseudomonadota	Gammaproteobacteria	Enterobacterales	Enterobacteriaceae	Escherichia
444	Escherichia coli	AAAASC.gz	AAAASC010000001-AAAASC010000199	199	5065600	BCT	2018-06-02	2019-02-11	PRJNA248792	SAMN09295083	SRR7249755	Bacteria	Pseudomonadota	Gammaproteobacteria	Enterobacterales	Enterobacteriaceae	Escherichia
445	Salmonella enterica subsp. enterica serovar Chester	AAAASD.gz	AAAASD010000001-AAAASD010000092	92	4627167	BCT	2018-06-02	2019-02-11	PRJNA248792	SAMN09295102	SRR7249770	Bacteria	Pseudomonadota	Gammaproteobacteria	Enterobacterales	Enterobacteriaceae	Salmonella
446	Salmonella enterica subsp. enterica serovar Enteritidis	AAAASE.gz	AAAASE010000001-AAAASE010000047	47	4687969	BCT	2018-06-02	2019-02-11	PRJNA248792	SAMN09295134	SRR7249805	Bacteria	Pseudomonadota	Gammaproteobacteria	Enterobacterales	Enterobacteriaceae	Salmonella
447	Escherichia coli	AAAASF.gz	AAAASF020000001-AAAASF020000200	200	5299328	BCT	2018-06-02	2020-03-07	PRJNA315192	SAMN09294995	SRR7249683	Bacteria	Pseudomonadota	Gammaproteobacteria	Enterobacterales	Enterobacteriaceae	Escherichia
448	Escherichia coli	AAAASG.gz	AAAASG020000001-AAAASG020000328	328	5380786	BCT	2018-06-02	2020-03-07	PRJNA315192	SAMN09295066	SRR7249735	Bacteria	Pseudomonadota	Gammaproteobacteria	Enterobacterales	Enterobacteriaceae	Escherichia
449	Salmonella enterica subsp. enterica serovar Enteritidis	AAAASH.gz	AAAASH010000001-AAAASH010000051	51	4683147	BCT	2018-06-02	2019-02-11	PRJNA248792	SAMN09295177	SRR7249838	Bacteria	Pseudomonadota	Gammaproteobacteria	Enterobacterales	Enterobacteriaceae	Salmonella
450	Salmonella enterica subsp. enterica serovar Give	AAAASI.gz	AAAASI010000001-AAAASI010000047	47	4542654	BCT	2018-06-02	2019-02-11	PRJNA248792	SAMN09295117	SRR7249777	Bacteria	Pseudomonadota	Gammaproteobacteria	Enterobacterales	Enterobacteriaceae	Salmonella
451	Salmonella enterica subsp. enterica serovar Napoli	AAAASJ.gz	AAAASJ010000001-AAAASJ010000125	125	4669274	BCT	2018-06-02	2019-02-11	PRJNA248792	SAMN09295170	SRR7249839	Bacteria	Pseudomonadota	Gammaproteobacteria	Enterobacterales	Enterobacteriaceae	Salmonella
452	Escherichia coli	AAAASK.gz	AAAASK020000001-AAAASK020000225	225	5400142	BCT	2018-06-02	2020-03-07	PRJNA315192	SAMN09295084	SRR7249753	Bacteria	Pseudomonadota	Gammaproteobacteria	Enterobacterales	Enterobacteriaceae	Escherichia
453	Salmonella enterica subsp. enterica serovar Typhimurium	AAAASL.gz	AAAASL010000001-AAAASL010000059	59	4712307	BCT	2018-06-02	2019-02-11	PRJNA248792	SAMN09295197	SRR7249854	Bacteria	Pseudomonadota	Gammaproteobacteria	Enterobacterales	Enterobacteriaceae	Salmonella
454	Salmonella enterica subsp. enterica serovar Stanleyville	AAAASM.gz	AAAASM010000001-AAAASM010000052	52	4884026	BCT	2018-06-02	2019-02-11	PRJNA248792	SAMN09295184	SRR7249845	Bacteria	Pseudomonadota	Gammaproteobacteria	Enterobacterales	Enterobacteriaceae	Salmonella
455	Shigella sonnei	AAAASN.gz	AAAASN010000001-AAAASN010000432	432	4550124	BCT	2018-06-02	2019-02-11	PRJNA248792	SAMN09295118	SRR7249783	Bacteria	Pseudomonadota	Gammaproteobacteria	Enterobacterales	Enterobacteriaceae	Shigella
456	Shigella flexneri	AAAASO.gz	AAAASO010000001-AAAASO010000378	378	4467641	BCT	2018-06-03	2019-02-11	PRJNA248792	SAMN09298274	SRR7250950	Bacteria	Pseudomonadota	Gammaproteobacteria	Enterobacterales	Enterobacteriaceae	Shigella
457	Salmonella enterica subsp. enterica serovar Fluntern	AAAASP.gz	AAAASP010000001-AAAASP010000416	416	4892684	BCT	2018-06-02	2019-02-11	PRJNA248792	SAMN09295199	SRR7249855	Bacteria	Pseudomonadota	Gammaproteobacteria	Enterobacterales	Enterobacteriaceae	Salmonella
458	Salmonella enterica subsp. enterica serovar Paratyphi A	AAAASQ.gz	AAAASQ010000001-AAAASQ010000049	49	4526763	BCT	2018-06-02	2019-02-11	PRJNA248792	SAMN09295169	SRR7249841	Bacteria	Pseudomonadota	Gammaproteobacteria	Enterobacterales	Enterobacteriaceae	Salmonella
459	Shigella flexneri	AAAASR.gz	AAAASR010000001-AAAASR010000384	384	4397293	BCT	2018-06-03	2019-02-11	PRJNA248792	SAMN09298332	SRR7251004	Bacteria	Pseudomonadota	Gammaproteobacteria	Enterobacterales	Enterobacteriaceae	Shigella
460	Salmonella enterica subsp. enterica serovar Enteritidis	AAAASS.gz	AAAASS010000001-AAAASS010000040	40	4683389	BCT	2018-06-03	2019-02-11	PRJNA248792	SAMN09298371	SRR7251040	Bacteria	Pseudomonadota	Gammaproteobacteria	Enterobacterales	Enterobacteriaceae	Salmonella
461	Escherichia coli	AAAAST.gz	AAAAST010000001-AAAAST010000202	202	5197243	BCT	2018-06-03	2019-02-11	PRJNA248792	SAMN09298308	SRR7250979	Bacteria	Pseudomonadota	Gammaproteobacteria	Enterobacterales	Enterobacteriaceae	Escherichia
462	Escherichia coli	AAAASU.gz	AAAASU010000001-AAAASU010000216	216	5181296	BCT	2018-06-03	2019-02-11	PRJNA248792	SAMN09298346	SRR7251021	Bacteria	Pseudomonadota	Gammaproteobacteria	Enterobacterales	Enterobacteriaceae	Escherichia
463	Shigella sonnei	AAAASV.gz	AAAASV010000001-AAAASV010000446	446	4561573	BCT	2018-06-03	2019-02-11	PRJNA248792	SAMN09298329	SRR7251002	Bacteria	Pseudomonadota	Gammaproteobacteria	Enterobacterales	Enterobacteriaceae	Shigella
464	Escherichia coli	AAAASW.gz	AAAASW010000001-AAAASW010000382	382	5196784	BCT	2018-06-03	2019-02-11	PRJNA248792	SAMN09298338	SRR7251014	Bacteria	Pseudomonadota	Gammaproteobacteria	Enterobacterales	Enterobacteriaceae	Escherichia
465	Shigella sonnei	AAAASX.gz	AAAASX010000001-AAAASX010000465	465	4703714	BCT	2018-06-03	2019-02-11	PRJNA248792	SAMN09298305	SRR7250981	Bacteria	Pseudomonadota	Gammaproteobacteria	Enterobacterales	Enterobacteriaceae	Shigella
466	Salmonella enterica subsp. enterica serovar Newport	AAAASY.gz	AAAASY010000001-AAAASY010000064	64	4722505	BCT	2018-06-03	2019-02-11	PRJNA248792	SAMN09298404	SRR7251073	Bacteria	Pseudomonadota	Gammaproteobacteria	Enterobacterales	Enterobacteriaceae	Salmonella
467	Escherichia coli	AAAASZ.gz	AAAASZ010000001-AAAASZ010000311	311	5069581	BCT	2018-06-03	2019-02-11	PRJNA248792	SAMN09298316	SRR7250991	Bacteria	Pseudomonadota	Gammaproteobacteria	Enterobacterales	Enterobacteriaceae	Escherichia
468	Shigella sonnei	AAAATA.gz	AAAATA010000001-AAAATA010000466	466	4764824	BCT	2018-06-03	2019-02-11	PRJNA248792	SAMN09298362	SRR7251035	Bacteria	Pseudomonadota	Gammaproteobacteria	Enterobacterales	Enterobacteriaceae	Shigella
469	Escherichia coli	AAAATB.gz	AAAATB010000001-AAAATB010000297	297	5156903	BCT	2018-06-03	2019-02-11	PRJNA248792	SAMN09298311	SRR7250984	Bacteria	Pseudomonadota	Gammaproteobacteria	Enterobacterales	Enterobacteriaceae	Escherichia
470	Escherichia coli	AAAATC.gz	AAAATC020000001-AAAATC020000204	204	5302506	BCT	2018-06-03	2020-03-07	PRJNA315192	SAMN09298301	SRR7250977	Bacteria	Pseudomonadota	Gammaproteobacteria	Enterobacterales	Enterobacteriaceae	Escherichia
471	Salmonella enterica subsp. enterica serovar Newington	AAAATD.gz	AAAATD010000001-AAAATD010000065	65	4758063	BCT	2018-06-03	2019-02-11	PRJNA248792	SAMN09298420	SRR7251096	Bacteria	Pseudomonadota	Gammaproteobacteria	Enterobacterales	Enterobacteriaceae	Salmonella
472	Salmonella enterica subsp. enterica serovar Stanley	AAAATE.gz	AAAATE010000001-AAAATE010000041	41	4668811	BCT	2018-06-03	2019-02-11	PRJNA248792	SAMN09298469	SRR7251104	Bacteria	Pseudomonadota	Gammaproteobacteria	Enterobacterales	Enterobacteriaceae	Salmonella
473	Salmonella enterica subsp. enterica serovar Agona	AAAATF.gz	AAAATF010000001-AAAATF010000069	69	4722335	BCT	2018-06-03	2019-02-11	PRJNA248792	SAMN09298486	SRR7251124	Bacteria	Pseudomonadota	Gammaproteobacteria	Enterobacterales	Enterobacteriaceae	Salmonella
474	Escherichia coli	AAAATG.gz	AAAATG010000001-AAAATG010000123	123	5132651	BCT	2018-06-03	2019-02-11	PRJNA248792	SAMN09298381	SRR7251057	Bacteria	Pseudomonadota	Gammaproteobacteria	Enterobacterales	Enterobacteriaceae	Escherichia
475	Salmonella enterica subsp. enterica	AAAATH.gz	AAAATH010000001-AAAATH010000088	88	4936519	BCT	2018-06-03	2019-02-11	PRJNA248792	SAMN09298409	SRR7251082	Bacteria	Pseudomonadota	Gammaproteobacteria	Enterobacterales	Enterobacteriaceae	Salmonella
476	Salmonella enterica subsp. enterica serovar Paratyphi B var. L(+) tartrate +	AAAATI.gz	AAAATI010000001-AAAATI010000133	133	5389621	BCT	2018-06-03	2019-02-11	PRJNA248792	SAMN09298499	SRR7251130	Bacteria	Pseudomonadota	Gammaproteobacteria	Enterobacterales	Enterobacteriaceae	Salmonella
477	Escherichia coli	AAAATJ.gz	AAAATJ010000001-AAAATJ010000194	194	5111811	BCT	2018-06-04	2019-02-11	PRJNA248792	SAMN09302444	SRR7251472	Bacteria	Pseudomonadota	Gammaproteobacteria	Enterobacterales	Enterobacteriaceae	Escherichia
478	Shigella sonnei	AAAATK.gz	AAAATK010000001-AAAATK010000447	447	4562914	BCT	2018-06-04	2019-02-11	PRJNA248792	SAMN09302104	SRR7251413	Bacteria	Pseudomonadota	Gammaproteobacteria	Enterobacterales	Enterobacteriaceae	Shigella
479	Shigella flexneri	AAAATL.gz	AAAATL010000001-AAAATL010000340	340	4432357	BCT	2018-06-04	2019-02-11	PRJNA248792	SAMN09302418	SRR7251446	Bacteria	Pseudomonadota	Gammaproteobacteria	Enterobacterales	Enterobacteriaceae	Shigella
480	Salmonella enterica subsp. enterica serovar Enteritidis	AAAATM.gz	AAAATM010000001-AAAATM010000099	99	4748156	BCT	2018-06-04	2019-02-11	PRJNA248792	SAMN09302501	SRR7251531	Bacteria	Pseudomonadota	Gammaproteobacteria	Enterobacterales	Enterobacteriaceae	Salmonella
481	Escherichia coli	AAAATN.gz	AAAATN010000001-AAAATN010000303	303	5196591	BCT	2018-06-04	2019-02-11	PRJNA248792	SAMN09302391	SRR7251419	Bacteria	Pseudomonadota	Gammaproteobacteria	Enterobacterales	Enterobacteriaceae	Escherichia
482	Salmonella enterica subsp. enterica serovar Give	AAAATO.gz	AAAATO010000001-AAAATO010000041	41	4588004	BCT	2018-06-04	2019-02-11	PRJNA248792	SAMN09302533	SRR7251552	Bacteria	Pseudomonadota	Gammaproteobacteria	Enterobacterales	Enterobacteriaceae	Salmonella
483	Salmonella enterica subsp. enterica serovar Stanley	AAAATP.gz	AAAATP010000001-AAAATP010000050	50	4722167	BCT	2018-06-04	2019-02-11	PRJNA248792	SAMN09302503	SRR7251534	Bacteria	Pseudomonadota	Gammaproteobacteria	Enterobacterales	Enterobacteriaceae	Salmonella
484	Escherichia coli	AAAATQ.gz	AAAATQ020000001-AAAATQ020000233	233	5328772	BCT	2018-06-04	2020-03-07	PRJNA315192	SAMN09302396	SRR7251437	Bacteria	Pseudomonadota	Gammaproteobacteria	Enterobacterales	Enterobacteriaceae	Escherichia
485	Salmonella enterica subsp. enterica serovar Chester	AAAATR.gz	AAAATR010000001-AAAATR010000042	42	4795986	BCT	2018-06-04	2019-02-11	PRJNA248792	SAMN09302545	SRR7251570	Bacteria	Pseudomonadota	Gammaproteobacteria	Enterobacterales	Enterobacteriaceae	Salmonella
486	Salmonella enterica subsp. enterica serovar Typhimurium	AAAATS.gz	AAAATS010000001-AAAATS010000093	93	4874524	BCT	2018-06-04	2019-02-11	PRJNA248792	SAMN09302480	SRR7251510	Bacteria	Pseudomonadota	Gammaproteobacteria	Enterobacterales	Enterobacteriaceae	Salmonella
487	Salmonella enterica subsp. enterica serovar Typhimurium	AAAATT.gz	AAAATT010000001-AAAATT010000090	90	4960129	BCT	2018-06-04	2019-02-11	PRJNA248792	SAMN09302546	SRR7251567	Bacteria	Pseudomonadota	Gammaproteobacteria	Enterobacterales	Enterobacteriaceae	Salmonella
488	Shigella sonnei	AAAATU.gz	AAAATU010000001-AAAATU010000394	394	4572295	BCT	2018-06-04	2019-02-11	PRJNA248792	SAMN09302451	SRR7251477	Bacteria	Pseudomonadota	Gammaproteobacteria	Enterobacterales	Enterobacteriaceae	Shigella
489	Shigella sonnei	AAAATV.gz	AAAATV010000001-AAAATV010000397	397	4660359	BCT	2018-06-04	2019-02-11	PRJNA248792	SAMN09302472	SRR7251500	Bacteria	Pseudomonadota	Gammaproteobacteria	Enterobacterales	Enterobacteriaceae	Shigella
490	Salmonella enterica subsp. enterica serovar Bredeney	AAAATW.gz	AAAATW010000001-AAAATW010000076	76	4923691	BCT	2018-06-04	2019-02-11	PRJNA248792	SAMN09302520	SRR7251535	Bacteria	Pseudomonadota	Gammaproteobacteria	Enterobacterales	Enterobacteriaceae	Salmonella
491	Salmonella enterica subsp. enterica serovar Paratyphi A	AAAATX.gz	AAAATX010000001-AAAATX010000051	51	4558218	BCT	2018-06-04	2019-02-11	PRJNA248792	SAMN09302539	SRR7251573	Bacteria	Pseudomonadota	Gammaproteobacteria	Enterobacterales	Enterobacteriaceae	Salmonella
492	Salmonella enterica subsp. enterica	AAAATY.gz	AAAATY010000001-AAAATY010000075	75	4989577	BCT	2018-06-04	2019-02-11	PRJNA248792	SAMN09302542	SRR7251571	Bacteria	Pseudomonadota	Gammaproteobacteria	Enterobacterales	Enterobacteriaceae	Salmonella
493	Salmonella enterica	AAAATZ.gz	AAAATZ010000001-AAAATZ010000099	99	4795923	BCT	2018-06-05	2019-02-11	PRJNA186035	SAMN09267390	SRR7262439	Bacteria	Pseudomonadota	Gammaproteobacteria	Enterobacterales	Enterobacteriaceae	Salmonella
494	Salmonella enterica	AAAAUA.gz	AAAAUA010000001-AAAAUA010000083	83	4944297	BCT	2018-06-05	2019-02-11	PRJNA284276	SAMN09355199	SRR7262556	Bacteria	Pseudomonadota	Gammaproteobacteria	Enterobacterales	Enterobacteriaceae	Salmonella
495	Salmonella enterica	AAAAUB.gz	AAAAUB010000001-AAAAUB010000071	71	4877897	BCT	2018-06-05	2019-02-11	PRJNA186035	SAMN09355237	SRR7262789	Bacteria	Pseudomonadota	Gammaproteobacteria	Enterobacterales	Enterobacteriaceae	Salmonella
496	Salmonella enterica	AAAAUC.gz	AAAAUC010000001-AAAAUC010000030	30	4693267	BCT	2018-06-05	2019-02-11	PRJNA284276	SAMN09074402	SRR7262560	Bacteria	Pseudomonadota	Gammaproteobacteria	Enterobacterales	Enterobacteriaceae	Salmonella
497	Salmonella enterica	AAAAUD.gz	AAAAUD010000001-AAAAUD010000171	171	5101757	BCT	2018-06-05	2019-02-11	PRJNA186035	SAMN09267392	SRR7262139	Bacteria	Pseudomonadota	Gammaproteobacteria	Enterobacterales	Enterobacteriaceae	Salmonella
498	Shigella sonnei	AAAAUE.gz	AAAAUE010000001-AAAAUE010000449	449	4508276	BCT	2018-06-05	2019-02-11	PRJNA248792	SAMN09342832	SRR7256802	Bacteria	Pseudomonadota	Gammaproteobacteria	Enterobacterales	Enterobacteriaceae	Shigella
499	Shigella flexneri	AAAAUF.gz	AAAAUF010000001-AAAAUF010000346	346	4335644	BCT	2018-06-05	2019-02-11	PRJNA248792	SAMN09343397	SRR7256810	Bacteria	Pseudomonadota	Gammaproteobacteria	Enterobacterales	Enterobacteriaceae	Shigella
500	Shigella flexneri	AAAAUG.gz	AAAAUG010000001-AAAAUG010000389	389	4394978	BCT	2018-06-05	2019-02-11	PRJNA248792	SAMN09344408	SRR7256968	Bacteria	Pseudomonadota	Gammaproteobacteria	Enterobacterales	Enterobacteriaceae	Shigella
501	Escherichia coli	AAAAUH.gz	AAAAUH020000001-AAAAUH020000216	216	5439339	BCT	2018-06-05	2020-03-07	PRJNA315192	SAMN09343939	SRR7256946	Bacteria	Pseudomonadota	Gammaproteobacteria	Enterobacterales	Enterobacteriaceae	Escherichia
502	Shigella sonnei	AAAAUI.gz	AAAAUI010000001-AAAAUI010000478	478	4526286	BCT	2018-06-05	2019-02-11	PRJNA248792	SAMN09344883	SRR7256974	Bacteria	Pseudomonadota	Gammaproteobacteria	Enterobacterales	Enterobacteriaceae	Shigella
503	Shigella sonnei	AAAAUJ.gz	AAAAUJ010000001-AAAAUJ010000463	463	4751472	BCT	2018-06-05	2019-02-11	PRJNA248792	SAMN09344394	SRR7256962	Bacteria	Pseudomonadota	Gammaproteobacteria	Enterobacterales	Enterobacteriaceae	Shigella
504	Escherichia coli	AAAAUK.gz	AAAAUK020000001-AAAAUK020000332	332	5434204	BCT	2018-06-05	2020-03-07	PRJNA315192	SAMN09344507	SRR7256959	Bacteria	Pseudomonadota	Gammaproteobacteria	Enterobacterales	Enterobacteriaceae	Escherichia
505	Shigella flexneri	AAAAUL.gz	AAAAUL010000001-AAAAUL010000504	504	4398242	BCT	2018-06-05	2019-02-11	PRJNA248792	SAMN09345323	SRR7256982	Bacteria	Pseudomonadota	Gammaproteobacteria	Enterobacterales	Enterobacteriaceae	Shigella
506	Shigella sonnei	AAAAUM.gz	AAAAUM010000001-AAAAUM010000475	475	4617505	BCT	2018-06-05	2019-02-11	PRJNA248792	SAMN09347300	SRR7257086	Bacteria	Pseudomonadota	Gammaproteobacteria	Enterobacterales	Enterobacteriaceae	Shigella
507	Salmonella enterica subsp. enterica serovar Saintpaul	AAAAUN.gz	AAAAUN010000001-AAAAUN010000101	101	4640672	BCT	2018-06-05	2019-02-11	PRJNA248792	SAMN09350924	SRR7257412	Bacteria	Pseudomonadota	Gammaproteobacteria	Enterobacterales	Enterobacteriaceae	Salmonella
508	Shigella sonnei	AAAAUO.gz	AAAAUO010000001-AAAAUO010000486	486	4675357	BCT	2018-06-05	2019-02-11	PRJNA248792	SAMN09347298	SRR7257087	Bacteria	Pseudomonadota	Gammaproteobacteria	Enterobacterales	Enterobacteriaceae	Shigella
509	Shigella flexneri	AAAAUP.gz	AAAAUP010000001-AAAAUP010000417	417	4454062	BCT	2018-06-05	2019-02-11	PRJNA248792	SAMN09347674	SRR7257106	Bacteria	Pseudomonadota	Gammaproteobacteria	Enterobacterales	Enterobacteriaceae	Shigella
510	Escherichia coli	AAAAUQ.gz	AAAAUQ020000001-AAAAUQ020000377	377	5369047	BCT	2018-06-05	2020-03-07	PRJNA315192	SAMN09346760	SRR7257041	Bacteria	Pseudomonadota	Gammaproteobacteria	Enterobacterales	Enterobacteriaceae	Escherichia
511	Escherichia coli	AAAAUR.gz	AAAAUR020000001-AAAAUR020000266	266	5382213	BCT	2018-06-05	2020-03-07	PRJNA315192	SAMN09345814	SRR7256990	Bacteria	Pseudomonadota	Gammaproteobacteria	Enterobacterales	Enterobacteriaceae	Escherichia
512	Salmonella enterica subsp. enterica	AAAAUS.gz	AAAAUS010000001-AAAAUS010000108	108	5036401	BCT	2018-06-05	2019-02-11	PRJNA248792	SAMN09350934	SRR7257427	Bacteria	Pseudomonadota	Gammaproteobacteria	Enterobacterales	Enterobacteriaceae	Salmonella
513	Salmonella enterica subsp. enterica serovar Neukoelln	AAAAUT.gz	AAAAUT010000001-AAAAUT010000057	57	4692018	BCT	2018-06-05	2019-02-11	PRJNA248792	SAMN09350473	SRR7257410	Bacteria	Pseudomonadota	Gammaproteobacteria	Enterobacterales	Enterobacteriaceae	Salmonella
514	Salmonella enterica subsp. enterica serovar Paratyphi B var. L(+) tartrate +	AAAAUU.gz	AAAAUU010000001-AAAAUU010000053	53	4625803	BCT	2018-06-05	2019-02-11	PRJNA248792	SAMN09352492	SRR7257476	Bacteria	Pseudomonadota	Gammaproteobacteria	Enterobacterales	Enterobacteriaceae	Salmonella
515	Escherichia coli	AAAAUV.gz	AAAAUV020000001-AAAAUV020000392	392	5417985	BCT	2018-06-05	2020-03-07	PRJNA315192	SAMN09346292	SRR7256997	Bacteria	Pseudomonadota	Gammaproteobacteria	Enterobacterales	Enterobacteriaceae	Escherichia
516	Salmonella enterica subsp. enterica serovar Singapore	AAAAUW.gz	AAAAUW010000001-AAAAUW010000043	43	4854978	BCT	2018-06-05	2019-02-11	PRJNA248792	SAMN09352478	SRR7257490	Bacteria	Pseudomonadota	Gammaproteobacteria	Enterobacterales	Enterobacteriaceae	Salmonella
517	Escherichia coli	AAAAUX.gz	AAAAUX020000001-AAAAUX020000295	295	5363796	BCT	2018-06-05	2020-03-07	PRJNA315192	SAMN09349116	SRR7257152	Bacteria	Pseudomonadota	Gammaproteobacteria	Enterobacterales	Enterobacteriaceae	Escherichia
518	Shigella boydii	AAAAUY.gz	AAAAUY010000001-AAAAUY010000434	434	4427237	BCT	2018-06-06	2019-02-11	PRJNA248792	SAMN09371761	SRR7265871	Bacteria	Pseudomonadota	Gammaproteobacteria	Enterobacterales	Enterobacteriaceae	Shigella
519	Salmonella enterica subsp. enterica serovar Newport	AAAAUZ.gz	AAAAUZ010000001-AAAAUZ010000061	61	4737297	BCT	2018-06-05	2019-02-11	PRJNA248792	SAMN09351498	SRR7257425	Bacteria	Pseudomonadota	Gammaproteobacteria	Enterobacterales	Enterobacteriaceae	Salmonella
520	Shigella flexneri	AAAAVA.gz	AAAAVA010000001-AAAAVA010000406	406	4398628	BCT	2018-06-06	2019-02-11	PRJNA248792	SAMN09372357	SRR7266779	Bacteria	Pseudomonadota	Gammaproteobacteria	Enterobacterales	Enterobacteriaceae	Shigella
521	Escherichia coli	AAAAVB.gz	AAAAVB020000001-AAAAVB020000149	149	4947766	BCT	2018-06-06	2020-03-07	PRJNA315192	SAMN09371821	SRR7265947	Bacteria	Pseudomonadota	Gammaproteobacteria	Enterobacterales	Enterobacteriaceae	Escherichia
522	Shigella flexneri	AAAAVC.gz	AAAAVC010000001-AAAAVC010000374	374	4389647	BCT	2018-06-06	2019-02-11	PRJNA248792	SAMN09371865	SRR7265968	Bacteria	Pseudomonadota	Gammaproteobacteria	Enterobacterales	Enterobacteriaceae	Shigella
523	Escherichia coli	AAAAVD.gz	AAAAVD020000001-AAAAVD020000214	214	5317549	BCT	2018-06-06	2020-03-07	PRJNA315192	SAMN09372454	SRR7266794	Bacteria	Pseudomonadota	Gammaproteobacteria	Enterobacterales	Enterobacteriaceae	Escherichia
524	Shigella flexneri	AAAAVE.gz	AAAAVE010000001-AAAAVE010000382	382	4497665	BCT	2018-06-06	2019-02-11	PRJNA248792	SAMN09371638	SRR7265737	Bacteria	Pseudomonadota	Gammaproteobacteria	Enterobacterales	Enterobacteriaceae	Shigella
525	Escherichia coli	AAAAVF.gz	AAAAVF020000001-AAAAVF020000347	347	5412300	BCT	2018-06-06	2020-03-07	PRJNA315192	SAMN09371870	SRR7265967	Bacteria	Pseudomonadota	Gammaproteobacteria	Enterobacterales	Enterobacteriaceae	Escherichia
526	Shigella sonnei	AAAAVG.gz	AAAAVG010000001-AAAAVG010000435	435	4609600	BCT	2018-06-06	2019-02-11	PRJNA248792	SAMN09371724	SRR7265845	Bacteria	Pseudomonadota	Gammaproteobacteria	Enterobacterales	Enterobacteriaceae	Shigella
527	Escherichia coli	AAAAVH.gz	AAAAVH020000001-AAAAVH020000352	352	5307020	BCT	2018-06-06	2020-03-09	PRJNA315192	SAMN09371814	SRR7265930	Bacteria	Pseudomonadota	Gammaproteobacteria	Enterobacterales	Enterobacteriaceae	Escherichia
528	Escherichia coli	AAAAVI.gz	AAAAVI010000001-AAAAVI010000234	234	4999546	BCT	2018-06-06	2019-02-11	PRJNA248792	SAMN09371810	SRR7265942	Bacteria	Pseudomonadota	Gammaproteobacteria	Enterobacterales	Enterobacteriaceae	Escherichia
529	Escherichia coli	AAAAVJ.gz	AAAAVJ020000001-AAAAVJ020000383	383	5445977	BCT	2018-06-06	2020-03-07	PRJNA315192	SAMN09371817	SRR7265937	Bacteria	Pseudomonadota	Gammaproteobacteria	Enterobacterales	Enterobacteriaceae	Escherichia
530	Shigella sonnei	AAAAVK.gz	AAAAVK010000001-AAAAVK010000466	466	4546383	BCT	2018-06-06	2019-02-11	PRJNA248792	SAMN09371813	SRR7265938	Bacteria	Pseudomonadota	Gammaproteobacteria	Enterobacterales	Enterobacteriaceae	Shigella
531	Escherichia coli	AAAAVL.gz	AAAAVL010000001-AAAAVL010000269	269	5001122	BCT	2018-06-06	2019-02-11	PRJNA248792	SAMN09372350	SRR7266761	Bacteria	Pseudomonadota	Gammaproteobacteria	Enterobacterales	Enterobacteriaceae	Escherichia
532	Escherichia coli	AAAAVM.gz	AAAAVM010000001-AAAAVM010000161	161	5055480	BCT	2018-06-06	2019-02-11	PRJNA248792	SAMN09371664	SRR7265842	Bacteria	Pseudomonadota	Gammaproteobacteria	Enterobacterales	Enterobacteriaceae	Escherichia
533	Shigella sonnei	AAAAVN.gz	AAAAVN010000001-AAAAVN010000457	457	4883121	BCT	2018-06-06	2019-02-11	PRJNA248792	SAMN09372335	SRR7266380	Bacteria	Pseudomonadota	Gammaproteobacteria	Enterobacterales	Enterobacteriaceae	Shigella
534	Shigella sonnei	AAAAVO.gz	AAAAVO010000001-AAAAVO010000472	472	4557742	BCT	2018-06-06	2019-02-11	PRJNA248792	SAMN09371823	SRR7265945	Bacteria	Pseudomonadota	Gammaproteobacteria	Enterobacterales	Enterobacteriaceae	Shigella
535	Shigella sonnei	AAAAVP.gz	AAAAVP010000001-AAAAVP010000409	409	4496139	BCT	2018-06-06	2019-02-11	PRJNA248792	SAMN09371819	SRR7265935	Bacteria	Pseudomonadota	Gammaproteobacteria	Enterobacterales	Enterobacteriaceae	Shigella
536	Shigella flexneri	AAAAVQ.gz	AAAAVQ010000001-AAAAVQ010000394	394	4538289	BCT	2018-06-06	2019-02-11	PRJNA248792	SAMN09372487	SRR7266830	Bacteria	Pseudomonadota	Gammaproteobacteria	Enterobacterales	Enterobacteriaceae	Shigella
537	Escherichia coli	AAAAVR.gz	AAAAVR010000001-AAAAVR010000160	160	5264856	BCT	2018-06-06	2019-02-11	PRJNA248792	SAMN09371828	SRR7265964	Bacteria	Pseudomonadota	Gammaproteobacteria	Enterobacterales	Enterobacteriaceae	Escherichia
538	Salmonella enterica subsp. enterica serovar Enteritidis	AAAAVS.gz	AAAAVS010000001-AAAAVS010000044	44	4862025	BCT	2018-06-07	2019-02-11	PRJNA248792	SAMN09377480	SRR7275014	Bacteria	Pseudomonadota	Gammaproteobacteria	Enterobacterales	Enterobacteriaceae	Salmonella
539	Salmonella enterica subsp. enterica serovar Typhimurium	AAAAVT.gz	AAAAVT010000001-AAAAVT010000397	397	5003680	BCT	2018-06-07	2019-02-11	PRJNA248792	SAMN09376985	SRR7274969	Bacteria	Pseudomonadota	Gammaproteobacteria	Enterobacterales	Enterobacteriaceae	Salmonella
540	Escherichia coli	AAAAVU.gz	AAAAVU020000001-AAAAVU020000287	287	5484477	BCT	2018-06-06	2020-03-07	PRJNA315192	SAMN09372481	SRR7266824	Bacteria	Pseudomonadota	Gammaproteobacteria	Enterobacterales	Enterobacteriaceae	Escherichia
541	Shigella sonnei	AAAAVV.gz	AAAAVV010000001-AAAAVV010000494	494	4567822	BCT	2018-06-06	2019-02-11	PRJNA248792	SAMN09372484	SRR7266822	Bacteria	Pseudomonadota	Gammaproteobacteria	Enterobacterales	Enterobacteriaceae	Shigella
542	Salmonella enterica subsp. enterica serovar Chester	AAAAVW.gz	AAAAVW010000001-AAAAVW010000052	52	4730274	BCT	2018-06-07	2019-02-11	PRJNA248792	SAMN09377479	SRR7275012	Bacteria	Pseudomonadota	Gammaproteobacteria	Enterobacterales	Enterobacteriaceae	Salmonella
543	Shigella sonnei	AAAAVX.gz	AAAAVX010000001-AAAAVX010000454	454	4550939	BCT	2018-06-07	2019-02-11	PRJNA248792	SAMN09375811	SRR7274791	Bacteria	Pseudomonadota	Gammaproteobacteria	Enterobacterales	Enterobacteriaceae	Shigella
544	Salmonella enterica subsp. enterica serovar Enteritidis	AAAAVY.gz	AAAAVY010000001-AAAAVY010000041	41	4686732	BCT	2018-06-07	2019-02-11	PRJNA248792	SAMN09377461	SRR7274994	Bacteria	Pseudomonadota	Gammaproteobacteria	Enterobacterales	Enterobacteriaceae	Salmonella
545	Escherichia coli	AAAAVZ.gz	AAAAVZ020000001-AAAAVZ020000391	391	5304066	BCT	2018-06-07	2020-03-13	PRJNA315192	SAMN09375806	SRR7274783	Bacteria	Pseudomonadota	Gammaproteobacteria	Enterobacterales	Enterobacteriaceae	Escherichia
546	Salmonella enterica subsp. enterica serovar Enteritidis	AAAAWA.gz	AAAAWA010000001-AAAAWA010000139	139	4688029	BCT	2018-06-07	2019-02-11	PRJNA248792	SAMN09377522	SRR7275068	Bacteria	Pseudomonadota	Gammaproteobacteria	Enterobacterales	Enterobacteriaceae	Salmonella
547	Escherichia coli	AAAAWB.gz	AAAAWB020000001-AAAAWB020000202	202	5265016	BCT	2018-06-06	2020-03-07	PRJNA315192	SAMN09372483	SRR7266826	Bacteria	Pseudomonadota	Gammaproteobacteria	Enterobacterales	Enterobacteriaceae	Escherichia
548	Salmonella enterica subsp. enterica serovar Montevideo	AAAAWC.gz	AAAAWC010000001-AAAAWC010000058	58	4854212	BCT	2018-06-07	2019-02-11	PRJNA248792	SAMN09377542	SRR7275092	Bacteria	Pseudomonadota	Gammaproteobacteria	Enterobacterales	Enterobacteriaceae	Salmonella
549	Shigella sonnei	AAAAWD.gz	AAAAWD010000001-AAAAWD010000476	476	4569829	BCT	2018-06-07	2019-02-11	PRJNA248792	SAMN09376692	SRR7274851	Bacteria	Pseudomonadota	Gammaproteobacteria	Enterobacterales	Enterobacteriaceae	Shigella
550	Salmonella enterica subsp. enterica serovar Agona	AAAAWE.gz	AAAAWE010000001-AAAAWE010000064	64	4763768	BCT	2018-06-07	2019-02-11	PRJNA248792	SAMN09377497	SRR7275031	Bacteria	Pseudomonadota	Gammaproteobacteria	Enterobacterales	Enterobacteriaceae	Salmonella
551	Shigella flexneri	AAAAWF.gz	AAAAWF010000001-AAAAWF010000406	406	4458798	BCT	2018-06-07	2019-02-11	PRJNA248792	SAMN09375805	SRR7274784	Bacteria	Pseudomonadota	Gammaproteobacteria	Enterobacterales	Enterobacteriaceae	Shigella
552	Shigella flexneri	AAAAWG.gz	AAAAWG010000001-AAAAWG010000385	385	4540880	BCT	2018-06-07	2019-02-11	PRJNA248792	SAMN09376691	SRR7274847	Bacteria	Pseudomonadota	Gammaproteobacteria	Enterobacterales	Enterobacteriaceae	Shigella
553	Escherichia coli	AAAAWH.gz	AAAAWH030000001-AAAAWH030000271	271	5379285	BCT	2018-06-07	2025-02-21	PRJNA315192	SAMN09376450	SRR7274814	Bacteria	Pseudomonadota	Gammaproteobacteria	Enterobacterales	Enterobacteriaceae	Escherichia
554	Escherichia coli	AAAAWI.gz	AAAAWI020000001-AAAAWI020000226	226	5277211	BCT	2018-06-07	2020-03-07	PRJNA315192	SAMN09376987	SRR7274961	Bacteria	Pseudomonadota	Gammaproteobacteria	Enterobacterales	Enterobacteriaceae	Escherichia
555	Shigella sonnei	AAAAWJ.gz	AAAAWJ010000001-AAAAWJ010000465	465	4662489	BCT	2018-06-07	2019-02-11	PRJNA248792	SAMN09376455	SRR7274816	Bacteria	Pseudomonadota	Gammaproteobacteria	Enterobacterales	Enterobacteriaceae	Shigella
556	Escherichia coli	AAAAWK.gz	AAAAWK030000001-AAAAWK030000215	215	5379184	BCT	2018-06-07	2025-02-21	PRJNA315192	SAMN09376676	SRR7274845	Bacteria	Pseudomonadota	Gammaproteobacteria	Enterobacterales	Enterobacteriaceae	Escherichia
557	Salmonella enterica subsp. enterica serovar Agona	AAAAWL.gz	AAAAWL010000001-AAAAWL010000060	60	4809906	BCT	2018-06-07	2019-02-11	PRJNA248792	SAMN09377513	SRR7275067	Bacteria	Pseudomonadota	Gammaproteobacteria	Enterobacterales	Enterobacteriaceae	Salmonella
558	Salmonella enterica subsp. enterica serovar Typhimurium	AAAAWM.gz	AAAAWM010000001-AAAAWM010000108	108	4865578	BCT	2018-06-07	2019-02-11	PRJNA248792	SAMN09377503	SRR7275028	Bacteria	Pseudomonadota	Gammaproteobacteria	Enterobacterales	Enterobacteriaceae	Salmonella
559	Escherichia coli	AAAAWN.gz	AAAAWN020000001-AAAAWN020000237	237	5230330	BCT	2018-06-07	2020-03-07	PRJNA315192	SAMN09376702	SRR7274876	Bacteria	Pseudomonadota	Gammaproteobacteria	Enterobacterales	Enterobacteriaceae	Escherichia
560	Salmonella enterica subsp. enterica	AAAAWO.gz	AAAAWO010000001-AAAAWO010000109	109	5158504	BCT	2018-06-07	2019-02-11	PRJNA248792	SAMN09377519	SRR7275086	Bacteria	Pseudomonadota	Gammaproteobacteria	Enterobacterales	Enterobacteriaceae	Salmonella
561	Salmonella enterica subsp. enterica	AAAAWP.gz	AAAAWP010000001-AAAAWP010000094	94	5024797	BCT	2018-06-07	2019-02-11	PRJNA248792	SAMN09377554	SRR7275134	Bacteria	Pseudomonadota	Gammaproteobacteria	Enterobacterales	Enterobacteriaceae	Salmonella
562	Salmonella enterica subsp. enterica serovar Agona	AAAAWQ.gz	AAAAWQ010000001-AAAAWQ010000287	287	4963663	BCT	2018-06-07	2019-02-11	PRJNA248792	SAMN09377567	SRR7275104	Bacteria	Pseudomonadota	Gammaproteobacteria	Enterobacterales	Enterobacteriaceae	Salmonella
563	Salmonella enterica	AAAAWR.gz	AAAAWR010000001-AAAAWR010000101	101	4702649	BCT	2018-06-07	2019-02-11	PRJNA280335	SAMN09004958	SRR7276887	Bacteria	Pseudomonadota	Gammaproteobacteria	Enterobacterales	Enterobacteriaceae	Salmonella
564	Salmonella enterica subsp. enterica serovar Durham	AAAAWS.gz	AAAAWS010000001-AAAAWS010000066	66	4461874	BCT	2018-06-07	2019-02-11	PRJNA248792	SAMN09377569	SRR7275128	Bacteria	Pseudomonadota	Gammaproteobacteria	Enterobacterales	Enterobacteriaceae	Salmonella
565	Salmonella enterica subsp. enterica serovar Indiana	AAAAWT.gz	AAAAWT010000001-AAAAWT010000071	71	4749973	BCT	2018-06-07	2019-02-11	PRJNA248792	SAMN09377535	SRR7275109	Bacteria	Pseudomonadota	Gammaproteobacteria	Enterobacterales	Enterobacteriaceae	Salmonella
566	Shigella sonnei	AAAAWU.gz	AAAAWU010000001-AAAAWU010000471	471	4352699	BCT	2018-06-08	2019-02-11	PRJNA248792	SAMN09380251	SRR7276888	Bacteria	Pseudomonadota	Gammaproteobacteria	Enterobacterales	Enterobacteriaceae	Shigella
567	Escherichia coli	AAAAWV.gz	AAAAWV020000001-AAAAWV020000159	159	5307766	BCT	2018-06-08	2020-03-07	PRJNA315192	SAMN09380356	SRR7277731	Bacteria	Pseudomonadota	Gammaproteobacteria	Enterobacterales	Enterobacteriaceae	Escherichia
568	Shigella sonnei	AAAAWW.gz	AAAAWW010000001-AAAAWW010000404	404	4536288	BCT	2018-06-08	2019-02-11	PRJNA248792	SAMN09380260	SRR7276899	Bacteria	Pseudomonadota	Gammaproteobacteria	Enterobacterales	Enterobacteriaceae	Shigella
569	Escherichia coli	AAAAWX.gz	AAAAWX020000001-AAAAWX020000181	181	5459227	BCT	2018-06-07	2020-03-07	PRJNA315192	SAMN09375822	SRR7274808	Bacteria	Pseudomonadota	Gammaproteobacteria	Enterobacterales	Enterobacteriaceae	Escherichia
570	Escherichia coli	AAAAWY.gz	AAAAWY020000001-AAAAWY020000286	286	5432289	BCT	2018-06-08	2020-03-07	PRJNA315192	SAMN09380310	SRR7276952	Bacteria	Pseudomonadota	Gammaproteobacteria	Enterobacterales	Enterobacteriaceae	Escherichia
571	Salmonella enterica subsp. enterica serovar Durham	AAAAWZ.gz	AAAAWZ010000001-AAAAWZ010000082	82	4508576	BCT	2018-06-08	2019-02-11	PRJNA248792	SAMN09380422	SRR7277789	Bacteria	Pseudomonadota	Gammaproteobacteria	Enterobacterales	Enterobacteriaceae	Salmonella
572	Salmonella enterica subsp. enterica serovar Enteritidis	AAAAXA.gz	AAAAXA010000001-AAAAXA010000071	71	4671396	BCT	2018-06-08	2019-02-11	PRJNA248792	SAMN09380442	SRR7277819	Bacteria	Pseudomonadota	Gammaproteobacteria	Enterobacterales	Enterobacteriaceae	Salmonella
573	Shigella sonnei	AAAAXB.gz	AAAAXB010000001-AAAAXB010000422	422	4673219	BCT	2018-06-08	2019-02-11	PRJNA248792	SAMN09380313	SRR7276962	Bacteria	Pseudomonadota	Gammaproteobacteria	Enterobacterales	Enterobacteriaceae	Shigella
574	Escherichia coli	AAAAXC.gz	AAAAXC020000001-AAAAXC020000327	327	5163694	BCT	2018-06-08	2020-03-07	PRJNA315192	SAMN09380389	SRR7277761	Bacteria	Pseudomonadota	Gammaproteobacteria	Enterobacterales	Enterobacteriaceae	Escherichia
575	Shigella sonnei	AAAAXD.gz	AAAAXD010000001-AAAAXD010000429	429	4531762	BCT	2018-06-08	2019-02-11	PRJNA248792	SAMN09380383	SRR7277755	Bacteria	Pseudomonadota	Gammaproteobacteria	Enterobacterales	Enterobacteriaceae	Shigella
576	Escherichia coli	AAAAXE.gz	AAAAXE020000001-AAAAXE020000334	334	5634676	BCT	2018-06-08	2020-03-13	PRJNA315192	SAMN09380311	SRR7276958	Bacteria	Pseudomonadota	Gammaproteobacteria	Enterobacterales	Enterobacteriaceae	Escherichia
577	Salmonella enterica subsp. enterica serovar Bareilly	AAAAXF.gz	AAAAXF010000001-AAAAXF010000091	91	4716368	BCT	2018-06-08	2019-02-11	PRJNA248792	SAMN09380500	SRR7277872	Bacteria	Pseudomonadota	Gammaproteobacteria	Enterobacterales	Enterobacteriaceae	Salmonella
578	Escherichia coli	AAAAXG.gz	AAAAXG020000001-AAAAXG020000338	338	5361078	BCT	2018-06-08	2020-03-09	PRJNA315192	SAMN09380347	SRR7277697	Bacteria	Pseudomonadota	Gammaproteobacteria	Enterobacterales	Enterobacteriaceae	Escherichia
579	Salmonella enterica subsp. enterica serovar Newport	AAAAXH.gz	AAAAXH010000001-AAAAXH010000066	66	4676801	BCT	2018-06-08	2019-02-11	PRJNA248792	SAMN09380519	SRR7277897	Bacteria	Pseudomonadota	Gammaproteobacteria	Enterobacterales	Enterobacteriaceae	Salmonella
580	Escherichia coli	AAAAXI.gz	AAAAXI020000001-AAAAXI020000337	337	5277116	BCT	2018-06-08	2020-03-07	PRJNA315192	SAMN09380420	SRR7277792	Bacteria	Pseudomonadota	Gammaproteobacteria	Enterobacterales	Enterobacteriaceae	Escherichia
581	Escherichia coli	AAAAXJ.gz	AAAAXJ020000001-AAAAXJ020000373	373	5367981	BCT	2018-06-08	2020-03-07	PRJNA315192	SAMN09380405	SRR7277771	Bacteria	Pseudomonadota	Gammaproteobacteria	Enterobacterales	Enterobacteriaceae	Escherichia
582	Salmonella enterica subsp. enterica serovar Newport	AAAAXK.gz	AAAAXK010000001-AAAAXK010000073	73	4961868	BCT	2018-06-08	2019-02-11	PRJNA248792	SAMN09380536	SRR7278055	Bacteria	Pseudomonadota	Gammaproteobacteria	Enterobacterales	Enterobacteriaceae	Salmonella
583	Salmonella enterica subsp. enterica serovar Newport	AAAAXL.gz	AAAAXL010000001-AAAAXL010000041	41	4719330	BCT	2018-06-08	2019-02-11	PRJNA248792	SAMN09380523	SRR7277900	Bacteria	Pseudomonadota	Gammaproteobacteria	Enterobacterales	Enterobacteriaceae	Salmonella
584	Salmonella enterica subsp. enterica serovar Virchow	AAAAXM.gz	AAAAXM010000001-AAAAXM010000050	50	4606375	BCT	2018-06-08	2019-02-11	PRJNA248792	SAMN09380559	SRR7278089	Bacteria	Pseudomonadota	Gammaproteobacteria	Enterobacterales	Enterobacteriaceae	Salmonella
585	Salmonella enterica subsp. enterica serovar Kentucky	AAAAXN.gz	AAAAXN010000001-AAAAXN010000080	80	4737796	BCT	2018-06-08	2019-02-11	PRJNA248792	SAMN09380563	SRR7278091	Bacteria	Pseudomonadota	Gammaproteobacteria	Enterobacterales	Enterobacteriaceae	Salmonella
586	Salmonella enterica subsp. enterica serovar Colorado	AAAAXO.gz	AAAAXO010000001-AAAAXO010000064	64	4519157	BCT	2018-06-08	2019-02-11	PRJNA248792	SAMN09380554	SRR7278080	Bacteria	Pseudomonadota	Gammaproteobacteria	Enterobacterales	Enterobacteriaceae	Salmonella
587	Salmonella enterica subsp. enterica serovar Senftenberg	AAAAXP.gz	AAAAXP010000001-AAAAXP010000086	86	4987120	BCT	2018-06-08	2019-02-11	PRJNA248792	SAMN09380562	SRR7278085	Bacteria	Pseudomonadota	Gammaproteobacteria	Enterobacterales	Enterobacteriaceae	Salmonella
588	Salmonella enterica subsp. enterica serovar Poona	AAAAXQ.gz	AAAAXQ010000001-AAAAXQ010000190	190	5330362	BCT	2018-06-08	2019-02-11	PRJNA248792	SAMN09380532	SRR7278057	Bacteria	Pseudomonadota	Gammaproteobacteria	Enterobacterales	Enterobacteriaceae	Salmonella
589	Shigella flexneri	AAAAXR.gz	AAAAXR020000001-AAAAXR020000344	344	4530897	BCT	2018-06-08	2020-03-07	PRJNA315192	SAMN09380434	SRR7277803	Bacteria	Pseudomonadota	Gammaproteobacteria	Enterobacterales	Enterobacteriaceae	Shigella
590	Salmonella enterica subsp. enterica serovar Typhimurium	AAAAXS.gz	AAAAXS010000001-AAAAXS010000072	72	4961387	BCT	2018-06-08	2019-02-11	PRJNA248792	SAMN09380982	SRR7278509	Bacteria	Pseudomonadota	Gammaproteobacteria	Enterobacterales	Enterobacteriaceae	Salmonella
591	Salmonella enterica subsp. enterica serovar Idikan	AAAAXT.gz	AAAAXT010000001-AAAAXT010000069	69	4791065	BCT	2018-06-08	2019-02-11	PRJNA248792	SAMN09381008	SRR7278524	Bacteria	Pseudomonadota	Gammaproteobacteria	Enterobacterales	Enterobacteriaceae	Salmonella
592	Salmonella enterica	AAAAXU.gz	AAAAXU010000001-AAAAXU010000030	30	5115707	BCT	2018-06-08	2019-02-11	PRJNA277983	SAMN09215337	SRR7284657	Bacteria	Pseudomonadota	Gammaproteobacteria	Enterobacterales	Enterobacteriaceae	Salmonella
593	Salmonella enterica subsp. enterica serovar Enteritidis	AAAAXV.gz	AAAAXV010000001-AAAAXV010000037	37	4696227	BCT	2018-06-08	2019-02-11	PRJNA248792	SAMN09381001	SRR7278502	Bacteria	Pseudomonadota	Gammaproteobacteria	Enterobacterales	Enterobacteriaceae	Salmonella
594	Salmonella enterica	AAAAXW.gz	AAAAXW010000001-AAAAXW010000139	139	4805930	BCT	2018-06-08	2019-02-11	PRJNA186035	SAMN09267394	SRR7284343	Bacteria	Pseudomonadota	Gammaproteobacteria	Enterobacterales	Enterobacteriaceae	Salmonella
595	Salmonella enterica subsp. enterica serovar Typhimurium	AAAAXX.gz	AAAAXX010000001-AAAAXX010000148	148	4802445	BCT	2018-06-08	2019-02-11	PRJNA183850	SAMN08387049	SRR7284655	Bacteria	Pseudomonadota	Gammaproteobacteria	Enterobacterales	Enterobacteriaceae	Salmonella
596	Shigella sonnei	AAAAXY.gz	AAAAXY010000001-AAAAXY010000455	455	4658564	BCT	2018-06-09	2019-02-11	PRJNA248792	SAMN09385684	SRR7283668	Bacteria	Pseudomonadota	Gammaproteobacteria	Enterobacterales	Enterobacteriaceae	Shigella
597	Escherichia coli	AAAAXZ.gz	AAAAXZ010000001-AAAAXZ010000296	296	5027189	BCT	2018-06-09	2019-02-11	PRJNA248792	SAMN09384642	SRR7282607	Bacteria	Pseudomonadota	Gammaproteobacteria	Enterobacterales	Enterobacteriaceae	Escherichia
598	Escherichia coli	AAAAYA.gz	AAAAYA030000001-AAAAYA030000251	251	5291402	BCT	2018-06-09	2025-02-21	PRJNA315192	SAMN09385697	SRR7283671	Bacteria	Pseudomonadota	Gammaproteobacteria	Enterobacterales	Enterobacteriaceae	Escherichia
599	Shigella sonnei	AAAAYB.gz	AAAAYB010000001-AAAAYB010000453	453	4614085	BCT	2018-06-09	2019-02-11	PRJNA248792	SAMN09385790	SRR7283741	Bacteria	Pseudomonadota	Gammaproteobacteria	Enterobacterales	Enterobacteriaceae	Shigella
600	Escherichia coli	AAAAYC.gz	AAAAYC020000001-AAAAYC020000270	270	5252225	BCT	2018-06-09	2020-03-07	PRJNA315192	SAMN09384661	SRR7282618	Bacteria	Pseudomonadota	Gammaproteobacteria	Enterobacterales	Enterobacteriaceae	Escherichia
601	Escherichia coli	AAAAYD.gz	AAAAYD020000001-AAAAYD020000206	206	5322249	BCT	2018-06-09	2020-03-07	PRJNA315192	SAMN09385876	SRR7283811	Bacteria	Pseudomonadota	Gammaproteobacteria	Enterobacterales	Enterobacteriaceae	Escherichia
602	Shigella flexneri	AAAAYE.gz	AAAAYE010000001-AAAAYE010000381	381	4462737	BCT	2018-06-09	2019-02-11	PRJNA248792	SAMN09385794	SRR7283719	Bacteria	Pseudomonadota	Gammaproteobacteria	Enterobacterales	Enterobacteriaceae	Shigella
603	Salmonella enterica subsp. enterica serovar Stanley	AAAAYF.gz	AAAAYF010000001-AAAAYF010000076	76	4777408	BCT	2018-06-09	2019-02-11	PRJNA248792	SAMN09386270	SRR7284280	Bacteria	Pseudomonadota	Gammaproteobacteria	Enterobacterales	Enterobacteriaceae	Salmonella
604	Escherichia coli	AAAAYG.gz	AAAAYG020000001-AAAAYG020000255	255	5338465	BCT	2018-06-09	2020-03-07	PRJNA315192	SAMN09385832	SRR7283740	Bacteria	Pseudomonadota	Gammaproteobacteria	Enterobacterales	Enterobacteriaceae	Escherichia
605	Escherichia coli	AAAAYH.gz	AAAAYH020000001-AAAAYH020000215	215	5292860	BCT	2018-06-09	2020-03-07	PRJNA315192	SAMN09384678	SRR7282651	Bacteria	Pseudomonadota	Gammaproteobacteria	Enterobacterales	Enterobacteriaceae	Escherichia
606	Salmonella enterica subsp. enterica serovar Typhimurium	AAAAYI.gz	AAAAYI010000001-AAAAYI010000084	84	4882338	BCT	2018-06-09	2019-02-11	PRJNA248792	SAMN09386248	SRR7284260	Bacteria	Pseudomonadota	Gammaproteobacteria	Enterobacterales	Enterobacteriaceae	Salmonella
607	Shigella flexneri	AAAAYJ.gz	AAAAYJ010000001-AAAAYJ010000435	435	4402163	BCT	2018-06-09	2019-02-11	PRJNA248792	SAMN09384673	SRR7282630	Bacteria	Pseudomonadota	Gammaproteobacteria	Enterobacterales	Enterobacteriaceae	Shigella
608	Salmonella enterica subsp. enterica serovar Enteritidis	AAAAYK.gz	AAAAYK010000001-AAAAYK010000091	91	4682931	BCT	2018-06-09	2019-02-11	PRJNA248792	SAMN09386271	SRR7284282	Bacteria	Pseudomonadota	Gammaproteobacteria	Enterobacterales	Enterobacteriaceae	Salmonella
609	Escherichia coli	AAAAYL.gz	AAAAYL020000001-AAAAYL020000364	364	5407642	BCT	2018-06-09	2020-03-07	PRJNA315192	SAMN09385853	SRR7283766	Bacteria	Pseudomonadota	Gammaproteobacteria	Enterobacterales	Enterobacteriaceae	Escherichia
610	Shigella sonnei	AAAAYM.gz	AAAAYM010000001-AAAAYM010000448	448	4639471	BCT	2018-06-09	2019-02-11	PRJNA248792	SAMN09385859	SRR7283769	Bacteria	Pseudomonadota	Gammaproteobacteria	Enterobacterales	Enterobacteriaceae	Shigella
611	Salmonella enterica subsp. enterica serovar Kentucky	AAAAYN.gz	AAAAYN010000001-AAAAYN010000057	57	4894865	BCT	2018-06-09	2019-02-11	PRJNA248792	SAMN09386253	SRR7284269	Bacteria	Pseudomonadota	Gammaproteobacteria	Enterobacterales	Enterobacteriaceae	Salmonella
612	Escherichia coli	AAAAYO.gz	AAAAYO020000001-AAAAYO020000216	216	5277710	BCT	2018-06-09	2020-03-07	PRJNA315192	SAMN09385878	SRR7283817	Bacteria	Pseudomonadota	Gammaproteobacteria	Enterobacterales	Enterobacteriaceae	Escherichia
613	Salmonella enterica subsp. diarizonae	AAAAYP.gz	AAAAYP010000001-AAAAYP010000164	164	5096024	BCT	2018-06-09	2019-02-11	PRJNA248792	SAMN09386307	SRR7284294	Bacteria	Pseudomonadota	Gammaproteobacteria	Enterobacterales	Enterobacteriaceae	Salmonella
614	Salmonella enterica subsp. enterica serovar Hadar	AAAAYQ.gz	AAAAYQ010000001-AAAAYQ010000075	75	4716677	BCT	2018-06-09	2019-02-11	PRJNA248792	SAMN09386310	SRR7284303	Bacteria	Pseudomonadota	Gammaproteobacteria	Enterobacterales	Enterobacteriaceae	Salmonella
615	Salmonella enterica subsp. enterica serovar Eastbourne	AAAAYR.gz	AAAAYR010000001-AAAAYR010000068	68	4552619	BCT	2018-06-09	2019-02-11	PRJNA248792	SAMN09386264	SRR7284275	Bacteria	Pseudomonadota	Gammaproteobacteria	Enterobacterales	Enterobacteriaceae	Salmonella
616	Salmonella enterica subsp. enterica serovar Infantis	AAAAYS.gz	AAAAYS010000001-AAAAYS010000083	83	5059611	BCT	2018-06-09	2019-02-11	PRJNA248792	SAMN09386375	SRR7284323	Bacteria	Pseudomonadota	Gammaproteobacteria	Enterobacterales	Enterobacteriaceae	Salmonella
617	Salmonella enterica subsp. enterica serovar Coeln	AAAAYT.gz	AAAAYT010000001-AAAAYT010000047	47	4813272	BCT	2018-06-09	2019-02-11	PRJNA248792	SAMN09386324	SRR7284310	Bacteria	Pseudomonadota	Gammaproteobacteria	Enterobacterales	Enterobacteriaceae	Salmonella
618	Salmonella enterica subsp. enterica serovar Typhimurium	AAAAYU.gz	AAAAYU010000001-AAAAYU010000066	66	4744285	BCT	2018-06-09	2019-02-11	PRJNA248792	SAMN09386381	SRR7284325	Bacteria	Pseudomonadota	Gammaproteobacteria	Enterobacterales	Enterobacteriaceae	Salmonella
619	Salmonella enterica subsp. enterica serovar Oranienburg	AAAAYV.gz	AAAAYV010000001-AAAAYV010000050	50	4653064	BCT	2018-06-09	2019-02-11	PRJNA248792	SAMN09386297	SRR7284288	Bacteria	Pseudomonadota	Gammaproteobacteria	Enterobacterales	Enterobacteriaceae	Salmonella
620	Salmonella enterica subsp. enterica serovar Umbilo	AAAAYW.gz	AAAAYW010000001-AAAAYW010000062	62	4689616	BCT	2018-06-09	2019-02-11	PRJNA248792	SAMN09386379	SRR7284328	Bacteria	Pseudomonadota	Gammaproteobacteria	Enterobacterales	Enterobacteriaceae	Salmonella
621	Salmonella enterica subsp. enterica serovar Typhimurium	AAAAYX.gz	AAAAYX010000001-AAAAYX010000069	69	4680983	BCT	2018-06-09	2019-02-11	PRJNA248792	SAMN09386455	SRR7284411	Bacteria	Pseudomonadota	Gammaproteobacteria	Enterobacterales	Enterobacteriaceae	Salmonella
622	Salmonella enterica subsp. enterica serovar Typhimurium	AAAAYY.gz	AAAAYY010000001-AAAAYY010000078	78	4899921	BCT	2018-06-09	2019-02-11	PRJNA248792	SAMN09386453	SRR7284415	Bacteria	Pseudomonadota	Gammaproteobacteria	Enterobacterales	Enterobacteriaceae	Salmonella
623	Salmonella enterica subsp. enterica serovar Typhimurium	AAAAYZ.gz	AAAAYZ010000001-AAAAYZ010000090	90	5026116	BCT	2018-06-09	2019-02-11	PRJNA248792	SAMN09386429	SRR7284352	Bacteria	Pseudomonadota	Gammaproteobacteria	Enterobacterales	Enterobacteriaceae	Salmonella
624	Salmonella enterica subsp. enterica serovar Kentucky	AAAAZA.gz	AAAAZA010000001-AAAAZA010000056	56	4832544	BCT	2018-06-09	2019-02-11	PRJNA248792	SAMN09386470	SRR7284437	Bacteria	Pseudomonadota	Gammaproteobacteria	Enterobacterales	Enterobacteriaceae	Salmonella
625	Salmonella enterica subsp. enterica serovar Havana	AAAAZB.gz	AAAAZB010000001-AAAAZB010000060	60	4685928	BCT	2018-06-09	2019-02-11	PRJNA248792	SAMN09386418	SRR7284340	Bacteria	Pseudomonadota	Gammaproteobacteria	Enterobacterales	Enterobacteriaceae	Salmonella
626	Salmonella enterica subsp. enterica serovar Give	AAAAZC.gz	AAAAZC010000001-AAAAZC010000056	56	4692804	BCT	2018-06-09	2019-02-11	PRJNA248792	SAMN09386436	SRR7284357	Bacteria	Pseudomonadota	Gammaproteobacteria	Enterobacterales	Enterobacteriaceae	Salmonella
627	Salmonella enterica subsp. enterica serovar Saintpaul	AAAAZD.gz	AAAAZD010000001-AAAAZD010000104	104	5017298	BCT	2018-06-09	2019-02-11	PRJNA248792	SAMN09386443	SRR7284355	Bacteria	Pseudomonadota	Gammaproteobacteria	Enterobacterales	Enterobacteriaceae	Salmonella
628	Salmonella enterica subsp. enterica serovar Indiana	AAAAZE.gz	AAAAZE010000001-AAAAZE010000056	56	4606824	BCT	2018-06-09	2019-02-11	PRJNA248792	SAMN09386447	SRR7284370	Bacteria	Pseudomonadota	Gammaproteobacteria	Enterobacterales	Enterobacteriaceae	Salmonella
629	Salmonella enterica subsp. enterica serovar Montevideo	AAAAZF.gz	AAAAZF010000001-AAAAZF010000082	82	4990503	BCT	2018-06-09	2019-02-11	PRJNA248792	SAMN09386449	SRR7284368	Bacteria	Pseudomonadota	Gammaproteobacteria	Enterobacterales	Enterobacteriaceae	Salmonella
630	Salmonella enterica subsp. enterica serovar Typhimurium	AAAAZG.gz	AAAAZG010000001-AAAAZG010000107	107	5035808	BCT	2018-06-09	2019-02-11	PRJNA248792	SAMN09386323	SRR7284311	Bacteria	Pseudomonadota	Gammaproteobacteria	Enterobacterales	Enterobacteriaceae	Salmonella
631	Salmonella enterica subsp. enterica serovar Reading	AAAAZH.gz	AAAAZH010000001-AAAAZH010000046	46	4749291	BCT	2018-06-09	2019-02-11	PRJNA248792	SAMN09386509	SRR7284456	Bacteria	Pseudomonadota	Gammaproteobacteria	Enterobacterales	Enterobacteriaceae	Salmonella
632	Salmonella enterica subsp. enterica serovar Paratyphi A	AAAAZI.gz	AAAAZI010000001-AAAAZI010000044	44	4561331	BCT	2018-06-09	2019-02-11	PRJNA248792	SAMN09386507	SRR7284468	Bacteria	Pseudomonadota	Gammaproteobacteria	Enterobacterales	Enterobacteriaceae	Salmonella
633	Salmonella enterica subsp. enterica serovar Typhimurium	AAAAZJ.gz	AAAAZJ010000001-AAAAZJ010000069	69	4748687	BCT	2018-06-09	2019-02-11	PRJNA248792	SAMN09386484	SRR7284455	Bacteria	Pseudomonadota	Gammaproteobacteria	Enterobacterales	Enterobacteriaceae	Salmonella
634	Salmonella enterica subsp. enterica serovar Typhimurium	AAAAZK.gz	AAAAZK010000001-AAAAZK010000079	79	4986354	BCT	2018-06-09	2019-02-11	PRJNA248792	SAMN09386520	SRR7284492	Bacteria	Pseudomonadota	Gammaproteobacteria	Enterobacterales	Enterobacteriaceae	Salmonella
635	Salmonella enterica subsp. enterica	AAAAZL.gz	AAAAZL010000001-AAAAZL010000144	144	5061641	BCT	2018-06-09	2019-02-11	PRJNA248792	SAMN09386480	SRR7284433	Bacteria	Pseudomonadota	Gammaproteobacteria	Enterobacterales	Enterobacteriaceae	Salmonella
636	Salmonella enterica subsp. enterica serovar Stanley	AAAAZM.gz	AAAAZM010000001-AAAAZM010000048	48	4729958	BCT	2018-06-09	2019-02-11	PRJNA248792	SAMN09386544	SRR7284497	Bacteria	Pseudomonadota	Gammaproteobacteria	Enterobacterales	Enterobacteriaceae	Salmonella
637	Salmonella enterica subsp. enterica serovar Braenderup	AAAAZN.gz	AAAAZN010000001-AAAAZN010000053	53	4754227	BCT	2018-06-09	2019-02-11	PRJNA248792	SAMN09386538	SRR7284480	Bacteria	Pseudomonadota	Gammaproteobacteria	Enterobacterales	Enterobacteriaceae	Salmonella
638	Salmonella enterica subsp. enterica serovar Paratyphi A	AAAAZO.gz	AAAAZO010000001-AAAAZO010000051	51	4558156	BCT	2018-06-09	2019-02-11	PRJNA248792	SAMN09386525	SRR7284493	Bacteria	Pseudomonadota	Gammaproteobacteria	Enterobacterales	Enterobacteriaceae	Salmonella
639	Escherichia coli	AAAAZP.gz	AAAAZP020000001-AAAAZP020000282	282	5377671	BCT	2018-06-09	2020-03-07	PRJNA315192	SAMN09385870	SRR7283804	Bacteria	Pseudomonadota	Gammaproteobacteria	Enterobacterales	Enterobacteriaceae	Escherichia
640	Salmonella enterica	AAAAZQ.gz	AAAAZQ010000001-AAAAZQ010000079	79	4764014	BCT	2018-06-09	2019-02-12	PRJNA186035	SAMN09267410	SRR7284853	Bacteria	Pseudomonadota	Gammaproteobacteria	Enterobacterales	Enterobacteriaceae	Salmonella
641	Salmonella enterica	AAAAZR.gz	AAAAZR010000001-AAAAZR010000053	53	5150656	BCT	2018-06-09	2019-02-12	PRJNA277983	SAMN09216389	SRR7284815	Bacteria	Pseudomonadota	Gammaproteobacteria	Enterobacterales	Enterobacteriaceae	Salmonella
642	Salmonella enterica	AAAAZS.gz	AAAAZS010000001-AAAAZS010000230	230	4690780	BCT	2018-06-09	2019-02-12	PRJNA186035	SAMN09263190	SRR7284823	Bacteria	Pseudomonadota	Gammaproteobacteria	Enterobacterales	Enterobacteriaceae	Salmonella
643	Salmonella enterica subsp. enterica serovar Enteritidis	AAAAZT.gz	AAAAZT010000001-AAAAZT010000043	43	4696431	BCT	2018-06-09	2019-02-12	PRJNA248792	SAMN09386558	SRR7284514	Bacteria	Pseudomonadota	Gammaproteobacteria	Enterobacterales	Enterobacteriaceae	Salmonella
644	Salmonella enterica subsp. enterica serovar Heidelberg	AAAAZU.gz	AAAAZU010000001-AAAAZU010000165	165	4850486	BCT	2018-06-09	2019-02-12	PRJNA248792	SAMN09386546	SRR7284503	Bacteria	Pseudomonadota	Gammaproteobacteria	Enterobacterales	Enterobacteriaceae	Salmonella
645	Salmonella enterica	AAAAZV.gz	AAAAZV010000001-AAAAZV010000101	101	4779054	BCT	2018-06-09	2019-02-12	PRJNA186035	SAMN09267426	SRR7284878	Bacteria	Pseudomonadota	Gammaproteobacteria	Enterobacterales	Enterobacteriaceae	Salmonella
646	Escherichia coli	AAAAZW.gz	AAAAZW020000001-AAAAZW020000144	144	4881608	BCT	2018-06-10	2020-03-07	PRJNA315192	SAMN09387381	SRR7285428	Bacteria	Pseudomonadota	Gammaproteobacteria	Enterobacterales	Enterobacteriaceae	Escherichia
647	Escherichia coli	AAAAZX.gz	AAAAZX010000001-AAAAZX010000069	69	5009262	BCT	2018-06-10	2019-02-12	PRJNA248792	SAMN09387376	SRR7285414	Bacteria	Pseudomonadota	Gammaproteobacteria	Enterobacterales	Enterobacteriaceae	Escherichia
648	Escherichia coli	AAAAZY.gz	AAAAZY020000001-AAAAZY020000295	295	5337253	BCT	2018-06-10	2020-03-07	PRJNA315192	SAMN09387404	SRR7285440	Bacteria	Pseudomonadota	Gammaproteobacteria	Enterobacterales	Enterobacteriaceae	Escherichia
649	Shigella boydii	AAAAZZ.gz	AAAAZZ010000001-AAAAZZ010000468	468	4244469	BCT	2018-06-10	2019-02-12	PRJNA248792	SAMN09387456	SRR7285494	Bacteria	Pseudomonadota	Gammaproteobacteria	Enterobacterales	Enterobacteriaceae	Shigella
650	Anopheles gambiae str. PEST	AAAB.gz	AAAB01000001-AAAB01069724	69724	328942838	INV	2002-03-14	2006-10-13	PRJNA1438	SAMN02952903		Eukaryota	Arthropoda	Insecta	Diptera	Culicidae	Anopheles
651	Escherichia coli	AAABAA.gz	AAABAA020000001-AAABAA020000262	262	5537740	BCT	2018-06-10	2020-03-07	PRJNA315192	SAMN09387392	SRR7285436	Bacteria	Pseudomonadota	Gammaproteobacteria	Enterobacterales	Enterobacteriaceae	Escherichia
652	Escherichia coli	AAABAB.gz	AAABAB020000001-AAABAB020000372	372	5685928	BCT	2018-06-10	2020-03-07	PRJNA315192	SAMN09387398	SRR7285433	Bacteria	Pseudomonadota	Gammaproteobacteria	Enterobacterales	Enterobacteriaceae	Escherichia
653	Escherichia coli	AAABAC.gz	AAABAC020000001-AAABAC020000241	241	5716541	BCT	2018-06-10	2020-03-07	PRJNA315192	SAMN09387438	SRR7285478	Bacteria	Pseudomonadota	Gammaproteobacteria	Enterobacterales	Enterobacteriaceae	Escherichia
654	Escherichia coli	AAABAD.gz	AAABAD020000001-AAABAD020000249	249	5470960	BCT	2018-06-10	2020-03-07	PRJNA315192	SAMN09387431	SRR7285474	Bacteria	Pseudomonadota	Gammaproteobacteria	Enterobacterales	Enterobacteriaceae	Escherichia
655	Escherichia coli	AAABAE.gz	AAABAE030000001-AAABAE030000224	224	5286097	BCT	2018-06-10	2025-02-21	PRJNA315192	SAMN09387384	SRR7285423	Bacteria	Pseudomonadota	Gammaproteobacteria	Enterobacterales	Enterobacteriaceae	Escherichia
656	Escherichia coli	AAABAF.gz	AAABAF020000001-AAABAF020000229	229	5400329	BCT	2018-06-10	2020-03-07	PRJNA315192	SAMN09387678	SRR7285536	Bacteria	Pseudomonadota	Gammaproteobacteria	Enterobacterales	Enterobacteriaceae	Escherichia
657	Shigella flexneri	AAABAG.gz	AAABAG010000001-AAABAG010000362	362	4430887	BCT	2018-06-10	2019-02-12	PRJNA248792	SAMN09387705	SRR7285557	Bacteria	Pseudomonadota	Gammaproteobacteria	Enterobacterales	Enterobacteriaceae	Shigella
658	Escherichia coli	AAABAH.gz	AAABAH020000001-AAABAH020000357	357	5151335	BCT	2018-06-10	2020-03-07	PRJNA315192	SAMN09387687	SRR7285529	Bacteria	Pseudomonadota	Gammaproteobacteria	Enterobacterales	Enterobacteriaceae	Escherichia
659	Escherichia coli	AAABAI.gz	AAABAI030000001-AAABAI030000429	429	5417270	BCT	2018-06-10	2025-02-21	PRJNA315192	SAMN09387409	SRR7285456	Bacteria	Pseudomonadota	Gammaproteobacteria	Enterobacterales	Enterobacteriaceae	Escherichia
660	Escherichia coli	AAABAJ.gz	AAABAJ020000001-AAABAJ020000235	235	5717932	BCT	2018-06-10	2020-03-07	PRJNA315192	SAMN09387662	SRR7285524	Bacteria	Pseudomonadota	Gammaproteobacteria	Enterobacterales	Enterobacteriaceae	Escherichia
661	Escherichia coli	AAABAK.gz	AAABAK020000001-AAABAK020000270	270	5174489	BCT	2018-06-10	2020-03-07	PRJNA315192	SAMN09387745	SRR7285596	Bacteria	Pseudomonadota	Gammaproteobacteria	Enterobacterales	Enterobacteriaceae	Escherichia
662	Salmonella enterica subsp. enterica serovar Mbao	AAABAL.gz	AAABAL010000001-AAABAL010000070	70	4757614	BCT	2018-06-10	2019-02-12	PRJNA248792	SAMN09387761	SRR7285616	Bacteria	Pseudomonadota	Gammaproteobacteria	Enterobacterales	Enterobacteriaceae	Salmonella
663	Escherichia coli	AAABAM.gz	AAABAM020000001-AAABAM020000252	252	5403268	BCT	2018-06-10	2020-03-07	PRJNA315192	SAMN09387667	SRR7285523	Bacteria	Pseudomonadota	Gammaproteobacteria	Enterobacterales	Enterobacteriaceae	Escherichia
664	Salmonella enterica subsp. enterica serovar Kentucky	AAABAN.gz	AAABAN010000001-AAABAN010000065	65	4846885	BCT	2018-06-10	2019-02-12	PRJNA248792	SAMN09387830	SRR7285644	Bacteria	Pseudomonadota	Gammaproteobacteria	Enterobacterales	Enterobacteriaceae	Salmonella
665	Escherichia coli	AAABAO.gz	AAABAO020000001-AAABAO020000180	180	5275526	BCT	2018-06-10	2020-03-07	PRJNA315192	SAMN09387757	SRR7285612	Bacteria	Pseudomonadota	Gammaproteobacteria	Enterobacterales	Enterobacteriaceae	Escherichia
666	Shigella flexneri	AAABAP.gz	AAABAP010000001-AAABAP010000388	388	4459216	BCT	2018-06-10	2019-02-12	PRJNA248792	SAMN09387709	SRR7285559	Bacteria	Pseudomonadota	Gammaproteobacteria	Enterobacterales	Enterobacteriaceae	Shigella
667	Salmonella enterica subsp. enterica serovar Enteritidis	AAABAQ.gz	AAABAQ010000001-AAABAQ010000345	345	4564363	BCT	2018-06-10	2019-02-12	PRJNA248792	SAMN09387936	SRR7285797	Bacteria	Pseudomonadota	Gammaproteobacteria	Enterobacterales	Enterobacteriaceae	Salmonella
668	Shigella flexneri	AAABAR.gz	AAABAR010000001-AAABAR010000391	391	4435903	BCT	2018-06-10	2019-02-12	PRJNA248792	SAMN09387762	SRR7285610	Bacteria	Pseudomonadota	Gammaproteobacteria	Enterobacterales	Enterobacteriaceae	Shigella
669	Salmonella enterica subsp. enterica	AAABAS.gz	AAABAS010000001-AAABAS010000086	86	4990300	BCT	2018-06-10	2019-02-12	PRJNA248792	SAMN09387926	SRR7285789	Bacteria	Pseudomonadota	Gammaproteobacteria	Enterobacterales	Enterobacteriaceae	Salmonella
670	Salmonella enterica subsp. enterica serovar Kentucky	AAABAT.gz	AAABAT010000001-AAABAT010000141	141	4839045	BCT	2018-06-10	2019-02-12	PRJNA248792	SAMN09387872	SRR7285738	Bacteria	Pseudomonadota	Gammaproteobacteria	Enterobacterales	Enterobacteriaceae	Salmonella
671	Escherichia coli	AAABAU.gz	AAABAU020000001-AAABAU020000439	439	5269399	BCT	2018-06-10	2020-03-09	PRJNA315192	SAMN09387737	SRR7285592	Bacteria	Pseudomonadota	Gammaproteobacteria	Enterobacterales	Enterobacteriaceae	Escherichia
672	Salmonella enterica subsp. enterica serovar Typhimurium	AAABAV.gz	AAABAV010000001-AAABAV010000063	63	4900840	BCT	2018-06-10	2019-02-12	PRJNA248792	SAMN09387942	SRR7285805	Bacteria	Pseudomonadota	Gammaproteobacteria	Enterobacterales	Enterobacteriaceae	Salmonella
673	Escherichia coli	AAABAW.gz	AAABAW020000001-AAABAW020000234	234	5378867	BCT	2018-06-10	2020-03-07	PRJNA315192	SAMN09387874	SRR7285703	Bacteria	Pseudomonadota	Gammaproteobacteria	Enterobacterales	Enterobacteriaceae	Escherichia
674	Salmonella enterica subsp. diarizonae	AAABAX.gz	AAABAX010000001-AAABAX010000096	96	5232118	BCT	2018-06-10	2019-02-12	PRJNA248792	SAMN09387913	SRR7285782	Bacteria	Pseudomonadota	Gammaproteobacteria	Enterobacterales	Enterobacteriaceae	Salmonella
675	Salmonella enterica subsp. enterica serovar Enteritidis	AAABAY.gz	AAABAY010000001-AAABAY010000045	45	4699303	BCT	2018-06-10	2019-02-12	PRJNA248792	SAMN09387954	SRR7285813	Bacteria	Pseudomonadota	Gammaproteobacteria	Enterobacterales	Enterobacteriaceae	Salmonella
676	Shigella sonnei	AAABAZ.gz	AAABAZ010000001-AAABAZ010000470	470	4738979	BCT	2018-06-10	2019-02-12	PRJNA248792	SAMN09387782	SRR7285640	Bacteria	Pseudomonadota	Gammaproteobacteria	Enterobacterales	Enterobacteriaceae	Shigella
677	Salmonella enterica subsp. enterica serovar Stanley	AAABBA.gz	AAABBA010000001-AAABBA010000055	55	4829436	BCT	2018-06-10	2019-02-12	PRJNA248792	SAMN09387979	SRR7285836	Bacteria	Pseudomonadota	Gammaproteobacteria	Enterobacterales	Enterobacteriaceae	Salmonella
678	Salmonella enterica subsp. enterica serovar Typhimurium	AAABBB.gz	AAABBB010000001-AAABBB010000146	146	5015855	BCT	2018-06-10	2019-02-12	PRJNA248792	SAMN09387978	SRR7285839	Bacteria	Pseudomonadota	Gammaproteobacteria	Enterobacterales	Enterobacteriaceae	Salmonella
679	Salmonella enterica subsp. enterica serovar Muenster	AAABBC.gz	AAABBC010000001-AAABBC010000490	490	4683360	BCT	2018-06-10	2019-02-12	PRJNA248792	SAMN09387964	SRR7285828	Bacteria	Pseudomonadota	Gammaproteobacteria	Enterobacterales	Enterobacteriaceae	Salmonella
680	Salmonella enterica subsp. enterica serovar Enteritidis	AAABBD.gz	AAABBD010000001-AAABBD010000042	42	4696124	BCT	2018-06-10	2019-02-12	PRJNA248792	SAMN09388009	SRR7285873	Bacteria	Pseudomonadota	Gammaproteobacteria	Enterobacterales	Enterobacteriaceae	Salmonella
681	Salmonella enterica subsp. enterica serovar Kisangani	AAABBE.gz	AAABBE010000001-AAABBE010000098	98	4930543	BCT	2018-06-10	2019-02-12	PRJNA248792	SAMN09387981	SRR7285837	Bacteria	Pseudomonadota	Gammaproteobacteria	Enterobacterales	Enterobacteriaceae	Salmonella
682	Salmonella enterica subsp. enterica serovar Typhimurium	AAABBF.gz	AAABBF010000001-AAABBF010000077	77	4878265	BCT	2018-06-10	2019-02-12	PRJNA248792	SAMN09387969	SRR7285823	Bacteria	Pseudomonadota	Gammaproteobacteria	Enterobacterales	Enterobacteriaceae	Salmonella
683	Salmonella enterica subsp. enterica serovar Enteritidis	AAABBG.gz	AAABBG010000001-AAABBG010000043	43	4798233	BCT	2018-06-10	2019-02-12	PRJNA248792	SAMN09388014	SRR7285884	Bacteria	Pseudomonadota	Gammaproteobacteria	Enterobacterales	Enterobacteriaceae	Salmonella
684	Salmonella enterica subsp. enterica serovar Anatum	AAABBH.gz	AAABBH010000001-AAABBH010000055	55	4655585	BCT	2018-06-10	2019-02-12	PRJNA248792	SAMN09388015	SRR7285875	Bacteria	Pseudomonadota	Gammaproteobacteria	Enterobacterales	Enterobacteriaceae	Salmonella
685	Salmonella enterica subsp. enterica serovar Enteritidis	AAABBI.gz	AAABBI010000001-AAABBI010000064	64	4690056	BCT	2018-06-10	2019-02-12	PRJNA248792	SAMN09388021	SRR7285882	Bacteria	Pseudomonadota	Gammaproteobacteria	Enterobacterales	Enterobacteriaceae	Salmonella
686	Salmonella enterica subsp. enterica serovar Telelkebir	AAABBJ.gz	AAABBJ010000001-AAABBJ010000067	67	4488103	BCT	2018-06-10	2019-02-12	PRJNA248792	SAMN09388062	SRR7285917	Bacteria	Pseudomonadota	Gammaproteobacteria	Enterobacterales	Enterobacteriaceae	Salmonella
687	Salmonella enterica subsp. enterica serovar Kedougou	AAABBK.gz	AAABBK010000001-AAABBK010000057	57	4770669	BCT	2018-06-10	2019-02-12	PRJNA248792	SAMN09388071	SRR7285931	Bacteria	Pseudomonadota	Gammaproteobacteria	Enterobacterales	Enterobacteriaceae	Salmonella
688	Salmonella enterica subsp. enterica serovar Virchow	AAABBL.gz	AAABBL010000001-AAABBL010000261	261	4604182	BCT	2018-06-10	2019-02-12	PRJNA248792	SAMN09387972	SRR7285847	Bacteria	Pseudomonadota	Gammaproteobacteria	Enterobacterales	Enterobacteriaceae	Salmonella
689	Salmonella enterica subsp. enterica serovar Duisburg	AAABBM.gz	AAABBM010000001-AAABBM010000046	46	4596818	BCT	2018-06-10	2019-02-12	PRJNA248792	SAMN09388031	SRR7285909	Bacteria	Pseudomonadota	Gammaproteobacteria	Enterobacterales	Enterobacteriaceae	Salmonella
690	Salmonella enterica subsp. enterica serovar Enteritidis	AAABBN.gz	AAABBN010000001-AAABBN010000064	64	4692746	BCT	2018-06-10	2019-02-12	PRJNA248792	SAMN09388060	SRR7285923	Bacteria	Pseudomonadota	Gammaproteobacteria	Enterobacterales	Enterobacteriaceae	Salmonella
691	Shigella flexneri	AAABBO.gz	AAABBO010000001-AAABBO010000383	383	4476566	BCT	2018-06-12	2019-02-12	PRJNA248792	SAMN09388375	SRR7286166	Bacteria	Pseudomonadota	Gammaproteobacteria	Enterobacterales	Enterobacteriaceae	Shigella
692	Shigella flexneri	AAABBP.gz	AAABBP010000001-AAABBP010000454	454	4304403	BCT	2018-06-12	2019-02-12	PRJNA248792	SAMN09388545	SRR7286530	Bacteria	Pseudomonadota	Gammaproteobacteria	Enterobacterales	Enterobacteriaceae	Shigella
693	Shigella flexneri	AAABBQ.gz	AAABBQ010000001-AAABBQ010000429	429	4543854	BCT	2018-06-12	2019-02-12	PRJNA248792	SAMN09388444	SRR7286395	Bacteria	Pseudomonadota	Gammaproteobacteria	Enterobacterales	Enterobacteriaceae	Shigella
694	Escherichia coli	AAABBR.gz	AAABBR020000001-AAABBR020000132	132	5224760	BCT	2018-06-12	2020-03-07	PRJNA315192	SAMN09388483	SRR7286473	Bacteria	Pseudomonadota	Gammaproteobacteria	Enterobacterales	Enterobacteriaceae	Escherichia
695	Shigella sonnei	AAABBS.gz	AAABBS010000001-AAABBS010000469	469	4528340	BCT	2018-06-12	2019-02-12	PRJNA248792	SAMN09388461	SRR7286407	Bacteria	Pseudomonadota	Gammaproteobacteria	Enterobacterales	Enterobacteriaceae	Shigella
696	Shigella flexneri	AAABBT.gz	AAABBT010000001-AAABBT010000389	389	4459776	BCT	2018-06-12	2019-02-12	PRJNA248792	SAMN09388494	SRR7286476	Bacteria	Pseudomonadota	Gammaproteobacteria	Enterobacterales	Enterobacteriaceae	Shigella
697	Shigella sonnei	AAABBU.gz	AAABBU010000001-AAABBU010000419	419	4525307	BCT	2018-06-12	2019-02-12	PRJNA248792	SAMN09388457	SRR7286442	Bacteria	Pseudomonadota	Gammaproteobacteria	Enterobacterales	Enterobacteriaceae	Shigella
698	Escherichia coli	AAABBV.gz	AAABBV010000001-AAABBV010000128	128	4759279	BCT	2018-06-12	2019-02-12	PRJNA248792	SAMN09388377	SRR7286177	Bacteria	Pseudomonadota	Gammaproteobacteria	Enterobacterales	Enterobacteriaceae	Escherichia
699	Escherichia coli	AAABBW.gz	AAABBW030000001-AAABBW030000297	297	5471982	BCT	2018-06-12	2025-02-21	PRJNA315192	SAMN09388488	SRR7286478	Bacteria	Pseudomonadota	Gammaproteobacteria	Enterobacterales	Enterobacteriaceae	Escherichia
700	Shigella sonnei	AAABBX.gz	AAABBX010000001-AAABBX010000466	466	4763728	BCT	2018-06-12	2019-02-12	PRJNA248792	SAMN09388520	SRR7286496	Bacteria	Pseudomonadota	Gammaproteobacteria	Enterobacterales	Enterobacteriaceae	Shigella
701	Shigella flexneri	AAABBY.gz	AAABBY010000001-AAABBY010000389	389	4497525	BCT	2018-06-12	2019-02-12	PRJNA248792	SAMN09388452	SRR7286443	Bacteria	Pseudomonadota	Gammaproteobacteria	Enterobacterales	Enterobacteriaceae	Shigella
702	Shigella sonnei	AAABBZ.gz	AAABBZ010000001-AAABBZ010000478	478	4531507	BCT	2018-06-12	2019-02-12	PRJNA248792	SAMN09388468	SRR7286463	Bacteria	Pseudomonadota	Gammaproteobacteria	Enterobacterales	Enterobacteriaceae	Shigella
703	Shigella boydii	AAABCA.gz	AAABCA010000001-AAABCA010000403	403	4330865	BCT	2018-06-12	2019-02-12	PRJNA248792	SAMN09388484	SRR7286472	Bacteria	Pseudomonadota	Gammaproteobacteria	Enterobacterales	Enterobacteriaceae	Shigella
704	Salmonella enterica subsp. enterica serovar Bispebjerg	AAABCB.gz	AAABCB010000001-AAABCB010000135	135	4891775	BCT	2018-06-12	2019-02-12	PRJNA248792	SAMN09388661	SRR7286649	Bacteria	Pseudomonadota	Gammaproteobacteria	Enterobacterales	Enterobacteriaceae	Salmonella
705	Shigella sonnei	AAABCC.gz	AAABCC010000001-AAABCC010000463	463	4753846	BCT	2018-06-12	2019-02-12	PRJNA248792	SAMN09388587	SRR7286570	Bacteria	Pseudomonadota	Gammaproteobacteria	Enterobacterales	Enterobacteriaceae	Shigella
706	Escherichia coli	AAABCD.gz	AAABCD020000001-AAABCD020000318	318	5716961	BCT	2018-06-12	2020-03-07	PRJNA315192	SAMN09388504	SRR7286482	Bacteria	Pseudomonadota	Gammaproteobacteria	Enterobacterales	Enterobacteriaceae	Escherichia
707	Salmonella enterica subsp. enterica serovar Typhimurium	AAABCE.gz	AAABCE010000001-AAABCE010000297	297	4812621	BCT	2018-06-12	2019-02-12	PRJNA248792	SAMN09388683	SRR7286675	Bacteria	Pseudomonadota	Gammaproteobacteria	Enterobacterales	Enterobacteriaceae	Salmonella
708	Salmonella enterica subsp. enterica serovar Chester	AAABCF.gz	AAABCF010000001-AAABCF010000055	55	4919528	BCT	2018-06-12	2019-02-12	PRJNA248792	SAMN09388710	SRR7286700	Bacteria	Pseudomonadota	Gammaproteobacteria	Enterobacterales	Enterobacteriaceae	Salmonella
709	Salmonella enterica subsp. enterica serovar Typhimurium	AAABCG.gz	AAABCG010000001-AAABCG010000108	108	4786418	BCT	2018-06-12	2019-02-12	PRJNA248792	SAMN09388675	SRR7286668	Bacteria	Pseudomonadota	Gammaproteobacteria	Enterobacterales	Enterobacteriaceae	Salmonella
710	Escherichia coli	AAABCH.gz	AAABCH020000001-AAABCH020000373	373	5247992	BCT	2018-06-12	2020-03-07	PRJNA315192	SAMN09388373	SRR7286167	Bacteria	Pseudomonadota	Gammaproteobacteria	Enterobacterales	Enterobacteriaceae	Escherichia
711	Escherichia coli	AAABCI.gz	AAABCI010000001-AAABCI010000094	94	4974445	BCT	2018-06-12	2019-02-12	PRJNA248792	SAMN09388594	SRR7286581	Bacteria	Pseudomonadota	Gammaproteobacteria	Enterobacterales	Enterobacteriaceae	Escherichia
712	Escherichia coli	AAABCJ.gz	AAABCJ020000001-AAABCJ020000357	357	5462538	BCT	2018-06-12	2020-03-07	PRJNA315192	SAMN09388544	SRR7286539	Bacteria	Pseudomonadota	Gammaproteobacteria	Enterobacterales	Enterobacteriaceae	Escherichia
713	Escherichia coli	AAABCK.gz	AAABCK020000001-AAABCK020000263	263	4900507	BCT	2018-06-12	2020-03-07	PRJNA315192	SAMN09388566	SRR7286553	Bacteria	Pseudomonadota	Gammaproteobacteria	Enterobacterales	Enterobacteriaceae	Escherichia
714	Salmonella enterica subsp. enterica serovar Newport	AAABCL.gz	AAABCL010000001-AAABCL010000078	78	4679561	BCT	2018-06-12	2019-02-12	PRJNA248792	SAMN09388690	SRR7286683	Bacteria	Pseudomonadota	Gammaproteobacteria	Enterobacterales	Enterobacteriaceae	Salmonella
715	Salmonella enterica subsp. enterica serovar Stanley	AAABCM.gz	AAABCM010000001-AAABCM010000047	47	4708140	BCT	2018-06-12	2019-02-12	PRJNA248792	SAMN09388692	SRR7286691	Bacteria	Pseudomonadota	Gammaproteobacteria	Enterobacterales	Enterobacteriaceae	Salmonella
716	Shigella sonnei	AAABCN.gz	AAABCN010000001-AAABCN010000501	501	4632260	BCT	2018-06-12	2019-02-12	PRJNA248792	SAMN09388643	SRR7286625	Bacteria	Pseudomonadota	Gammaproteobacteria	Enterobacterales	Enterobacteriaceae	Shigella
717	Salmonella enterica subsp. enterica	AAABCO.gz	AAABCO010000001-AAABCO010000081	81	4910763	BCT	2018-06-12	2019-02-12	PRJNA248792	SAMN09388695	SRR7286686	Bacteria	Pseudomonadota	Gammaproteobacteria	Enterobacterales	Enterobacteriaceae	Salmonella
718	Salmonella enterica subsp. enterica serovar Stanley	AAABCP.gz	AAABCP010000001-AAABCP010000048	48	4735784	BCT	2018-06-12	2019-02-12	PRJNA248792	SAMN09388706	SRR7286698	Bacteria	Pseudomonadota	Gammaproteobacteria	Enterobacterales	Enterobacteriaceae	Salmonella
719	Escherichia coli	AAABCQ.gz	AAABCQ020000001-AAABCQ020000192	192	5266515	BCT	2018-06-12	2020-03-07	PRJNA315192	SAMN09388666	SRR7286655	Bacteria	Pseudomonadota	Gammaproteobacteria	Enterobacterales	Enterobacteriaceae	Escherichia
720	Salmonella enterica subsp. enterica serovar Brunei	AAABCR.gz	AAABCR010000001-AAABCR010000053	53	4728538	BCT	2018-06-12	2019-02-12	PRJNA248792	SAMN09388725	SRR7286706	Bacteria	Pseudomonadota	Gammaproteobacteria	Enterobacterales	Enterobacteriaceae	Salmonella
721	Shigella flexneri	AAABCS.gz	AAABCS010000001-AAABCS010000420	420	4320050	BCT	2018-06-12	2019-02-12	PRJNA248792	SAMN09388647	SRR7286638	Bacteria	Pseudomonadota	Gammaproteobacteria	Enterobacterales	Enterobacteriaceae	Shigella
722	Salmonella enterica subsp. enterica serovar Hadar	AAABCT.gz	AAABCT010000001-AAABCT010000062	62	4740598	BCT	2018-06-12	2019-02-12	PRJNA248792	SAMN09388720	SRR7286708	Bacteria	Pseudomonadota	Gammaproteobacteria	Enterobacterales	Enterobacteriaceae	Salmonella
723	Salmonella enterica subsp. enterica serovar Saintpaul	AAABCU.gz	AAABCU010000001-AAABCU010000065	65	4760845	BCT	2018-06-12	2019-02-12	PRJNA248792	SAMN09388735	SRR7286717	Bacteria	Pseudomonadota	Gammaproteobacteria	Enterobacterales	Enterobacteriaceae	Salmonella
724	Escherichia coli	AAABCV.gz	AAABCV020000001-AAABCV020000316	316	5367967	BCT	2018-06-12	2020-03-07	PRJNA315192	SAMN09388554	SRR7286544	Bacteria	Pseudomonadota	Gammaproteobacteria	Enterobacterales	Enterobacteriaceae	Escherichia
725	Salmonella enterica subsp. enterica serovar Aberdeen	AAABCW.gz	AAABCW010000001-AAABCW010000110	110	4609376	BCT	2018-06-12	2019-02-12	PRJNA248792	SAMN09388796	SRR7286786	Bacteria	Pseudomonadota	Gammaproteobacteria	Enterobacterales	Enterobacteriaceae	Salmonella
726	Shigella sonnei	AAABCX.gz	AAABCX010000001-AAABCX010000453	453	4766219	BCT	2018-06-12	2019-02-12	PRJNA248792	SAMN09388593	SRR7286579	Bacteria	Pseudomonadota	Gammaproteobacteria	Enterobacterales	Enterobacteriaceae	Shigella
727	Salmonella enterica subsp. enterica	AAABCY.gz	AAABCY010000001-AAABCY010000080	80	4975748	BCT	2018-06-12	2019-02-12	PRJNA248792	SAMN09388781	SRR7286766	Bacteria	Pseudomonadota	Gammaproteobacteria	Enterobacterales	Enterobacteriaceae	Salmonella
728	Salmonella enterica subsp. enterica serovar Heidelberg	AAABCZ.gz	AAABCZ010000001-AAABCZ010000049	49	4799327	BCT	2018-06-12	2019-02-12	PRJNA248792	SAMN09388728	SRR7286721	Bacteria	Pseudomonadota	Gammaproteobacteria	Enterobacterales	Enterobacteriaceae	Salmonella
729	Salmonella enterica subsp. enterica serovar Thompson	AAABDA.gz	AAABDA010000001-AAABDA010000045	45	4709479	BCT	2018-06-12	2019-02-12	PRJNA248792	SAMN09388819	SRR7286836	Bacteria	Pseudomonadota	Gammaproteobacteria	Enterobacterales	Enterobacteriaceae	Salmonella
730	Salmonella enterica subsp. enterica serovar Virchow	AAABDB.gz	AAABDB010000001-AAABDB010000048	48	4772340	BCT	2018-06-12	2019-02-12	PRJNA248792	SAMN09388808	SRR7286827	Bacteria	Pseudomonadota	Gammaproteobacteria	Enterobacterales	Enterobacteriaceae	Salmonella
731	Salmonella enterica subsp. enterica serovar Fluntern	AAABDC.gz	AAABDC010000001-AAABDC010000060	60	4870634	BCT	2018-06-12	2019-02-12	PRJNA248792	SAMN09388780	SRR7286757	Bacteria	Pseudomonadota	Gammaproteobacteria	Enterobacterales	Enterobacteriaceae	Salmonella
732	Salmonella enterica subsp. enterica serovar Chester	AAABDD.gz	AAABDD010000001-AAABDD010000107	107	4674407	BCT	2018-06-12	2019-02-12	PRJNA248792	SAMN09388817	SRR7286832	Bacteria	Pseudomonadota	Gammaproteobacteria	Enterobacterales	Enterobacteriaceae	Salmonella
733	Salmonella enterica subsp. enterica serovar Enteritidis	AAABDE.gz	AAABDE010000001-AAABDE010000036	36	4688555	BCT	2018-06-12	2019-02-12	PRJNA248792	SAMN09388858	SRR7286872	Bacteria	Pseudomonadota	Gammaproteobacteria	Enterobacterales	Enterobacteriaceae	Salmonella
734	Salmonella enterica subsp. enterica serovar Telelkebir	AAABDF.gz	AAABDF010000001-AAABDF010000132	132	4559001	BCT	2018-06-12	2019-02-12	PRJNA248792	SAMN09388856	SRR7286861	Bacteria	Pseudomonadota	Gammaproteobacteria	Enterobacterales	Enterobacteriaceae	Salmonella
735	Salmonella enterica subsp. enterica serovar Newport	AAABDG.gz	AAABDG010000001-AAABDG010000092	92	5147568	BCT	2018-06-12	2019-02-12	PRJNA248792	SAMN09388840	SRR7286856	Bacteria	Pseudomonadota	Gammaproteobacteria	Enterobacterales	Enterobacteriaceae	Salmonella
736	Salmonella enterica subsp. enterica serovar Hadar	AAABDH.gz	AAABDH010000001-AAABDH010000069	69	4701155	BCT	2018-06-12	2019-02-12	PRJNA248792	SAMN09388942	SRR7286959	Bacteria	Pseudomonadota	Gammaproteobacteria	Enterobacterales	Enterobacteriaceae	Salmonella
737	Salmonella enterica subsp. enterica serovar Typhimurium	AAABDI.gz	AAABDI010000001-AAABDI010000093	93	4966884	BCT	2018-06-12	2019-02-12	PRJNA248792	SAMN09388916	SRR7286924	Bacteria	Pseudomonadota	Gammaproteobacteria	Enterobacterales	Enterobacteriaceae	Salmonella
738	Salmonella enterica subsp. enterica serovar Paratyphi B	AAABDJ.gz	AAABDJ010000001-AAABDJ010000059	59	4725652	BCT	2018-06-12	2019-02-12	PRJNA248792	SAMN09388921	SRR7286960	Bacteria	Pseudomonadota	Gammaproteobacteria	Enterobacterales	Enterobacteriaceae	Salmonella
739	Salmonella enterica subsp. enterica serovar Typhimurium	AAABDK.gz	AAABDK010000001-AAABDK010000109	109	4995039	BCT	2018-06-12	2019-02-12	PRJNA248792	SAMN09388936	SRR7286945	Bacteria	Pseudomonadota	Gammaproteobacteria	Enterobacterales	Enterobacteriaceae	Salmonella
740	Salmonella enterica subsp. enterica	AAABDL.gz	AAABDL010000001-AAABDL010000093	93	5007193	BCT	2018-06-12	2019-02-12	PRJNA248792	SAMN09388918	SRR7286938	Bacteria	Pseudomonadota	Gammaproteobacteria	Enterobacterales	Enterobacteriaceae	Salmonella
741	Salmonella enterica subsp. enterica serovar Enteritidis	AAABDM.gz	AAABDM010000001-AAABDM010000050	50	4699756	BCT	2018-06-12	2019-02-12	PRJNA248792	SAMN09388957	SRR7286968	Bacteria	Pseudomonadota	Gammaproteobacteria	Enterobacterales	Enterobacteriaceae	Salmonella
742	Shigella sonnei	AAABDN.gz	AAABDN010000001-AAABDN010000440	440	4403029	BCT	2018-06-12	2019-02-12	PRJNA248792	SAMN09388572	SRR7286547	Bacteria	Pseudomonadota	Gammaproteobacteria	Enterobacterales	Enterobacteriaceae	Shigella
743	Escherichia coli	AAABDO.gz	AAABDO020000001-AAABDO020000276	276	5611244	BCT	2018-06-12	2020-03-07	PRJNA315192	SAMN09388384	SRR7286180	Bacteria	Pseudomonadota	Gammaproteobacteria	Enterobacterales	Enterobacteriaceae	Escherichia
744	Shigella flexneri	AAABDP.gz	AAABDP010000001-AAABDP010000373	373	4442906	BCT	2018-06-12	2019-02-12	PRJNA248792	SAMN09388512	SRR7286507	Bacteria	Pseudomonadota	Gammaproteobacteria	Enterobacterales	Enterobacteriaceae	Shigella
745	Shigella flexneri	AAABDQ.gz	AAABDQ010000001-AAABDQ010000450	450	4459344	BCT	2018-06-12	2019-02-12	PRJNA248792	SAMN09388387	SRR7286251	Bacteria	Pseudomonadota	Gammaproteobacteria	Enterobacterales	Enterobacteriaceae	Shigella
746	Shigella flexneri	AAABDR.gz	AAABDR010000001-AAABDR010000369	369	4457438	BCT	2018-06-12	2019-02-12	PRJNA248792	SAMN09388551	SRR7286537	Bacteria	Pseudomonadota	Gammaproteobacteria	Enterobacterales	Enterobacteriaceae	Shigella
747	Shigella sonnei	AAABDS.gz	AAABDS010000001-AAABDS010000472	472	4800750	BCT	2018-06-12	2019-02-12	PRJNA248792	SAMN09388586	SRR7286577	Bacteria	Pseudomonadota	Gammaproteobacteria	Enterobacterales	Enterobacteriaceae	Shigella
748	Shigella flexneri	AAABDT.gz	AAABDT010000001-AAABDT010000409	409	4532638	BCT	2018-06-12	2019-02-12	PRJNA248792	SAMN09388634	SRR7286616	Bacteria	Pseudomonadota	Gammaproteobacteria	Enterobacterales	Enterobacteriaceae	Shigella
749	Escherichia coli	AAABDV.gz	AAABDV020000001-AAABDV020000240	240	5496393	BCT	2018-06-12	2020-03-07	PRJNA315192	SAMN09388434	SRR7286379	Bacteria	Pseudomonadota	Gammaproteobacteria	Enterobacterales	Enterobacteriaceae	Escherichia
750	Salmonella enterica subsp. enterica serovar Mikawasima	AAABDW.gz	AAABDW010000001-AAABDW010000074	74	4800254	BCT	2018-06-12	2019-02-12	PRJNA248792	SAMN09388652	SRR7286644	Bacteria	Pseudomonadota	Gammaproteobacteria	Enterobacterales	Enterobacteriaceae	Salmonella
751	Salmonella enterica subsp. enterica serovar Newport	AAABDX.gz	AAABDX010000001-AAABDX010000088	88	4709936	BCT	2018-06-12	2019-02-12	PRJNA248792	SAMN09388670	SRR7286651	Bacteria	Pseudomonadota	Gammaproteobacteria	Enterobacterales	Enterobacteriaceae	Salmonella
752	Salmonella enterica subsp. enterica serovar Paratyphi A	AAABDY.gz	AAABDY010000001-AAABDY010000050	50	4484298	BCT	2018-06-12	2019-02-12	PRJNA248792	SAMN09388711	SRR7286692	Bacteria	Pseudomonadota	Gammaproteobacteria	Enterobacterales	Enterobacteriaceae	Salmonella
753	Shigella sonnei	AAABDZ.gz	AAABDZ010000001-AAABDZ010000499	499	4597940	BCT	2018-06-12	2019-02-12	PRJNA248792	SAMN09388668	SRR7286656	Bacteria	Pseudomonadota	Gammaproteobacteria	Enterobacterales	Enterobacteriaceae	Shigella
754	Salmonella enterica subsp. enterica serovar Telelkebir	AAABEA.gz	AAABEA010000001-AAABEA010000059	59	4554527	BCT	2018-06-12	2019-02-12	PRJNA248792	SAMN09388822	SRR7286844	Bacteria	Pseudomonadota	Gammaproteobacteria	Enterobacterales	Enterobacteriaceae	Salmonella
755	Salmonella enterica subsp. enterica serovar Typhimurium	AAABEB.gz	AAABEB010000001-AAABEB010000184	184	4734726	BCT	2018-06-12	2019-02-12	PRJNA248792	SAMN09388718	SRR7286712	Bacteria	Pseudomonadota	Gammaproteobacteria	Enterobacterales	Enterobacteriaceae	Salmonella
756	Salmonella enterica	AAABEC.gz	AAABEC010000001-AAABEC010000047	47	4920298	BCT	2018-06-12	2020-03-09	PRJNA186035	SAMN09281045	SRR7293100	Bacteria	Pseudomonadota	Gammaproteobacteria	Enterobacterales	Enterobacteriaceae	Salmonella
757	Shigella sonnei	AAABED.gz	AAABED010000001-AAABED010000487	487	4628984	BCT	2018-06-12	2019-02-12	PRJNA248792	SAMN09388681	SRR7286661	Bacteria	Pseudomonadota	Gammaproteobacteria	Enterobacterales	Enterobacteriaceae	Shigella
758	Salmonella enterica	AAABEE.gz	AAABEE010000001-AAABEE010000066	66	4914639	BCT	2018-06-13	2019-02-12	PRJNA280335	SAMN09401558	SRR7295372	Bacteria	Pseudomonadota	Gammaproteobacteria	Enterobacterales	Enterobacteriaceae	Salmonella
759	Salmonella enterica subsp. enterica	AAABEF.gz	AAABEF010000001-AAABEF010000080	80	4978321	BCT	2018-06-12	2019-02-12	PRJNA248792	SAMN09388961	SRR7286974	Bacteria	Pseudomonadota	Gammaproteobacteria	Enterobacterales	Enterobacteriaceae	Salmonella
760	Salmonella enterica subsp. enterica serovar Kentucky	AAABEG.gz	AAABEG010000001-AAABEG010000069	69	4914976	BCT	2018-06-12	2019-02-12	PRJNA248792	SAMN09388870	SRR7286886	Bacteria	Pseudomonadota	Gammaproteobacteria	Enterobacterales	Enterobacteriaceae	Salmonella
761	Salmonella enterica	AAABEH.gz	AAABEH010000001-AAABEH010000087	87	4850309	BCT	2018-06-13	2019-02-12	PRJNA186035	SAMN09295233	SRR7299368	Bacteria	Pseudomonadota	Gammaproteobacteria	Enterobacterales	Enterobacteriaceae	Salmonella
762	Salmonella enterica	AAABEI.gz	AAABEI010000001-AAABEI010000051	51	4626510	BCT	2018-06-13	2019-02-12	PRJNA186035	SAMN09296200	SRR7299340	Bacteria	Pseudomonadota	Gammaproteobacteria	Enterobacterales	Enterobacteriaceae	Salmonella
763	Salmonella enterica subsp. enterica	AAABEJ.gz	AAABEJ010000001-AAABEJ010000100	100	5082267	BCT	2018-06-12	2019-02-12	PRJNA248792	SAMN09388881	SRR7286901	Bacteria	Pseudomonadota	Gammaproteobacteria	Enterobacterales	Enterobacteriaceae	Salmonella
764	Salmonella enterica	AAABEK.gz	AAABEK010000001-AAABEK010000157	157	4718758	BCT	2018-06-13	2019-02-12	PRJNA186035	SAMN09296191	SRR7295819	Bacteria	Pseudomonadota	Gammaproteobacteria	Enterobacterales	Enterobacteriaceae	Salmonella
765	Salmonella enterica	AAABEL.gz	AAABEL010000001-AAABEL010000121	121	4759352	BCT	2018-06-13	2019-02-12	PRJNA186035	SAMN09295466	SRR7299373	Bacteria	Pseudomonadota	Gammaproteobacteria	Enterobacterales	Enterobacteriaceae	Salmonella
766	Salmonella enterica	AAABEM.gz	AAABEM010000001-AAABEM010000037	37	4727656	BCT	2018-06-13	2019-02-12	PRJNA284276	SAMN09404346	SRR7298832	Bacteria	Pseudomonadota	Gammaproteobacteria	Enterobacterales	Enterobacteriaceae	Salmonella
767	Salmonella enterica	AAABEN.gz	AAABEN010000001-AAABEN010000055	55	4567229	BCT	2018-06-13	2019-02-12	PRJNA186035	SAMN09296194	SRR7299209	Bacteria	Pseudomonadota	Gammaproteobacteria	Enterobacterales	Enterobacteriaceae	Salmonella
768	Salmonella enterica	AAABEO.gz	AAABEO010000001-AAABEO010000057	57	4638778	BCT	2018-06-13	2019-02-12	PRJNA186035	SAMN09296180	SRR7299270	Bacteria	Pseudomonadota	Gammaproteobacteria	Enterobacterales	Enterobacteriaceae	Salmonella
769	Salmonella enterica	AAABEP.gz	AAABEP010000001-AAABEP010000073	73	4948279	BCT	2018-06-13	2019-02-12	PRJNA280335	SAMN09404265	SRR7298389	Bacteria	Pseudomonadota	Gammaproteobacteria	Enterobacterales	Enterobacteriaceae	Salmonella
770	Salmonella enterica	AAABEQ.gz	AAABEQ010000001-AAABEQ010000056	56	4911260	BCT	2018-06-13	2019-02-12	PRJNA293224	SAMN09296204	SRR7299204	Bacteria	Pseudomonadota	Gammaproteobacteria	Enterobacterales	Enterobacteriaceae	Salmonella
771	Shigella flexneri	AAABER.gz	AAABER010000001-AAABER010000387	387	4412853	BCT	2018-06-14	2019-02-12	PRJNA248792	SAMN09395142	SRR7290914	Bacteria	Pseudomonadota	Gammaproteobacteria	Enterobacterales	Enterobacteriaceae	Shigella
772	Shigella flexneri	AAABES.gz	AAABES010000001-AAABES010000466	466	4372402	BCT	2018-06-14	2019-02-12	PRJNA248792	SAMN09395141	SRR7290892	Bacteria	Pseudomonadota	Gammaproteobacteria	Enterobacterales	Enterobacteriaceae	Shigella
773	Escherichia coli	AAABET.gz	AAABET020000001-AAABET020000353	353	5330782	BCT	2018-06-14	2020-03-07	PRJNA315192	SAMN09395163	SRR7290891	Bacteria	Pseudomonadota	Gammaproteobacteria	Enterobacterales	Enterobacteriaceae	Escherichia
774	Escherichia coli	AAABEU.gz	AAABEU020000001-AAABEU020000346	346	5320150	BCT	2018-06-14	2020-03-07	PRJNA315192	SAMN09395135	SRR7290898	Bacteria	Pseudomonadota	Gammaproteobacteria	Enterobacterales	Enterobacteriaceae	Escherichia
775	Shigella sonnei	AAABEV.gz	AAABEV010000001-AAABEV010000439	439	4518494	BCT	2018-06-14	2019-02-12	PRJNA248792	SAMN09395164	SRR7290924	Bacteria	Pseudomonadota	Gammaproteobacteria	Enterobacterales	Enterobacteriaceae	Shigella
776	Shigella flexneri	AAABEW.gz	AAABEW010000001-AAABEW010000377	377	4495266	BCT	2018-06-14	2019-02-12	PRJNA248792	SAMN09395286	SRR7291004	Bacteria	Pseudomonadota	Gammaproteobacteria	Enterobacterales	Enterobacteriaceae	Shigella
777	Shigella flexneri	AAABEX.gz	AAABEX010000001-AAABEX010000408	408	4462116	BCT	2018-06-14	2019-02-12	PRJNA248792	SAMN09395438	SRR7291490	Bacteria	Pseudomonadota	Gammaproteobacteria	Enterobacterales	Enterobacteriaceae	Shigella
778	Escherichia coli	AAABEY.gz	AAABEY020000001-AAABEY020000300	300	5448256	BCT	2018-06-14	2020-03-07	PRJNA315192	SAMN09395404	SRR7291033	Bacteria	Pseudomonadota	Gammaproteobacteria	Enterobacterales	Enterobacteriaceae	Escherichia
779	Escherichia coli	AAABEZ.gz	AAABEZ020000001-AAABEZ020000243	243	5353804	BCT	2018-06-14	2020-03-07	PRJNA315192	SAMN09395187	SRR7290966	Bacteria	Pseudomonadota	Gammaproteobacteria	Enterobacterales	Enterobacteriaceae	Escherichia
780	Escherichia coli	AAABFA.gz	AAABFA030000001-AAABFA030000214	214	5276949	BCT	2018-06-14	2025-02-21	PRJNA315192	SAMN09395208	SRR7290982	Bacteria	Pseudomonadota	Gammaproteobacteria	Enterobacterales	Enterobacteriaceae	Escherichia
781	Shigella flexneri	AAABFB.gz	AAABFB010000001-AAABFB010000401	401	4385761	BCT	2018-06-14	2019-02-12	PRJNA248792	SAMN09395656	SRR7291632	Bacteria	Pseudomonadota	Gammaproteobacteria	Enterobacterales	Enterobacteriaceae	Shigella
782	Escherichia coli	AAABFC.gz	AAABFC020000001-AAABFC020000316	316	5302381	BCT	2018-06-14	2020-03-07	PRJNA315192	SAMN09395426	SRR7291550	Bacteria	Pseudomonadota	Gammaproteobacteria	Enterobacterales	Enterobacteriaceae	Escherichia
783	Salmonella enterica subsp. enterica serovar Kentucky	AAABFD.gz	AAABFD010000001-AAABFD010000172	172	4795133	BCT	2018-06-14	2019-02-12	PRJNA248792	SAMN09396543	SRR7291911	Bacteria	Pseudomonadota	Gammaproteobacteria	Enterobacterales	Enterobacteriaceae	Salmonella
784	Escherichia coli	AAABFE.gz	AAABFE020000001-AAABFE020000316	316	5405312	BCT	2018-06-14	2020-03-07	PRJNA315192	SAMN09395230	SRR7290988	Bacteria	Pseudomonadota	Gammaproteobacteria	Enterobacterales	Enterobacteriaceae	Escherichia
785	Shigella flexneri	AAABFF.gz	AAABFF010000001-AAABFF010000487	487	4392957	BCT	2018-06-14	2019-02-12	PRJNA248792	SAMN09396051	SRR7291648	Bacteria	Pseudomonadota	Gammaproteobacteria	Enterobacterales	Enterobacteriaceae	Shigella
786	Salmonella enterica subsp. enterica serovar Miami	AAABFG.gz	AAABFG010000001-AAABFG010000069	69	4774201	BCT	2018-06-14	2019-02-12	PRJNA248792	SAMN09396598	SRR7291963	Bacteria	Pseudomonadota	Gammaproteobacteria	Enterobacterales	Enterobacteriaceae	Salmonella
787	Shigella sonnei	AAABFH.gz	AAABFH010000001-AAABFH010000479	479	4461822	BCT	2018-06-14	2019-02-12	PRJNA248792	SAMN09395830	SRR7291630	Bacteria	Pseudomonadota	Gammaproteobacteria	Enterobacterales	Enterobacteriaceae	Shigella
788	Salmonella enterica subsp. enterica serovar Hadar	AAABFI.gz	AAABFI010000001-AAABFI010000055	55	4628417	BCT	2018-06-14	2019-02-12	PRJNA248792	SAMN09396583	SRR7291960	Bacteria	Pseudomonadota	Gammaproteobacteria	Enterobacterales	Enterobacteriaceae	Salmonella
789	Shigella sonnei	AAABFJ.gz	AAABFJ010000001-AAABFJ010000432	432	4490378	BCT	2018-06-14	2019-02-12	PRJNA248792	SAMN09395842	SRR7291637	Bacteria	Pseudomonadota	Gammaproteobacteria	Enterobacterales	Enterobacteriaceae	Shigella
790	Escherichia coli	AAABFK.gz	AAABFK020000001-AAABFK020000333	333	5235452	BCT	2018-06-14	2020-03-07	PRJNA315192	SAMN09396471	SRR7291839	Bacteria	Pseudomonadota	Gammaproteobacteria	Enterobacterales	Enterobacteriaceae	Escherichia
791	Escherichia coli	AAABFL.gz	AAABFL020000001-AAABFL020000274	274	4904870	BCT	2018-06-14	2020-03-07	PRJNA315192	SAMN09396479	SRR7291834	Bacteria	Pseudomonadota	Gammaproteobacteria	Enterobacterales	Enterobacteriaceae	Escherichia
792	Salmonella enterica subsp. enterica serovar Chester	AAABFM.gz	AAABFM010000001-AAABFM010000060	60	4568585	BCT	2018-06-14	2019-02-12	PRJNA248792	SAMN09396605	SRR7292624	Bacteria	Pseudomonadota	Gammaproteobacteria	Enterobacterales	Enterobacteriaceae	Salmonella
793	Escherichia coli	AAABFN.gz	AAABFN020000001-AAABFN020000471	471	5512226	BCT	2018-06-14	2020-09-04	PRJNA315192	SAMN09395570	SRR7291618	Bacteria	Pseudomonadota	Gammaproteobacteria	Enterobacterales	Enterobacteriaceae	Escherichia
794	Escherichia coli	AAABFO.gz	AAABFO020000001-AAABFO020000332	332	5462976	BCT	2018-06-14	2020-03-07	PRJNA315192	SAMN09396062	SRR7291659	Bacteria	Pseudomonadota	Gammaproteobacteria	Enterobacterales	Enterobacteriaceae	Escherichia
795	Salmonella enterica subsp. enterica serovar Montevideo	AAABFP.gz	AAABFP010000001-AAABFP010000211	211	4830731	BCT	2018-06-14	2019-02-12	PRJNA248792	SAMN09396640	SRR7292660	Bacteria	Pseudomonadota	Gammaproteobacteria	Enterobacterales	Enterobacteriaceae	Salmonella
796	Salmonella enterica subsp. enterica serovar Typhimurium	AAABFQ.gz	AAABFQ010000001-AAABFQ010000053	53	4728404	BCT	2018-06-14	2019-02-12	PRJNA248792	SAMN09396633	SRR7292645	Bacteria	Pseudomonadota	Gammaproteobacteria	Enterobacterales	Enterobacteriaceae	Salmonella
797	Salmonella enterica subsp. enterica serovar Typhimurium	AAABFR.gz	AAABFR010000001-AAABFR010000091	91	5074244	BCT	2018-06-14	2019-02-12	PRJNA248792	SAMN09396668	SRR7292677	Bacteria	Pseudomonadota	Gammaproteobacteria	Enterobacterales	Enterobacteriaceae	Salmonella
798	Salmonella enterica subsp. enterica serovar Oslo	AAABFS.gz	AAABFS010000001-AAABFS010000063	63	4628252	BCT	2018-06-14	2019-02-12	PRJNA248792	SAMN09396676	SRR7292685	Bacteria	Pseudomonadota	Gammaproteobacteria	Enterobacterales	Enterobacteriaceae	Salmonella
799	Salmonella enterica subsp. enterica serovar Typhimurium	AAABFT.gz	AAABFT010000001-AAABFT010000135	135	5191184	BCT	2018-06-14	2019-02-12	PRJNA248792	SAMN09396680	SRR7292678	Bacteria	Pseudomonadota	Gammaproteobacteria	Enterobacterales	Enterobacteriaceae	Salmonella
800	Salmonella enterica subsp. enterica serovar Enteritidis	AAABFU.gz	AAABFU010000001-AAABFU010000147	147	4697134	BCT	2018-06-14	2019-02-12	PRJNA248792	SAMN09396885	SRR7292901	Bacteria	Pseudomonadota	Gammaproteobacteria	Enterobacterales	Enterobacteriaceae	Salmonella
801	Salmonella enterica subsp. houtenae	AAABFV.gz	AAABFV010000001-AAABFV010000104	104	4696018	BCT	2018-06-14	2019-02-12	PRJNA248792	SAMN09396681	SRR7292680	Bacteria	Pseudomonadota	Gammaproteobacteria	Enterobacterales	Enterobacteriaceae	Salmonella
802	Shigella sonnei	AAABFW.gz	AAABFW010000001-AAABFW010000489	489	4793915	BCT	2018-06-14	2019-02-12	PRJNA248792	SAMN09396601	SRR7292623	Bacteria	Pseudomonadota	Gammaproteobacteria	Enterobacterales	Enterobacteriaceae	Shigella
803	Salmonella enterica subsp. enterica serovar Senftenberg	AAABFX.gz	AAABFX010000001-AAABFX010000083	83	5101530	BCT	2018-06-14	2019-02-12	PRJNA248792	SAMN09396869	SRR7292864	Bacteria	Pseudomonadota	Gammaproteobacteria	Enterobacterales	Enterobacteriaceae	Salmonella
804	Salmonella enterica subsp. enterica	AAABFY.gz	AAABFY010000001-AAABFY010000084	84	4977900	BCT	2018-06-14	2019-02-12	PRJNA248792	SAMN09396682	SRR7292696	Bacteria	Pseudomonadota	Gammaproteobacteria	Enterobacterales	Enterobacteriaceae	Salmonella
805	Shigella sonnei	AAABFZ.gz	AAABFZ010000001-AAABFZ010000388	388	4391200	BCT	2018-06-14	2019-02-12	PRJNA248792	SAMN09396476	SRR7291833	Bacteria	Pseudomonadota	Gammaproteobacteria	Enterobacterales	Enterobacteriaceae	Shigella
806	Salmonella enterica subsp. enterica serovar Kedougou	AAABGA.gz	AAABGA010000001-AAABGA010000059	59	4841859	BCT	2018-06-14	2019-02-12	PRJNA248792	SAMN09396831	SRR7292767	Bacteria	Pseudomonadota	Gammaproteobacteria	Enterobacterales	Enterobacteriaceae	Salmonella
807	Salmonella enterica subsp. enterica serovar Corvallis	AAABGB.gz	AAABGB010000001-AAABGB010000049	49	4612334	BCT	2018-06-14	2019-02-12	PRJNA248792	SAMN09396861	SRR7292867	Bacteria	Pseudomonadota	Gammaproteobacteria	Enterobacterales	Enterobacteriaceae	Salmonella
808	Salmonella enterica subsp. enterica serovar Braenderup	AAABGC.gz	AAABGC010000001-AAABGC010000072	72	4796076	BCT	2018-06-14	2019-02-12	PRJNA248792	SAMN09396852	SRR7292862	Bacteria	Pseudomonadota	Gammaproteobacteria	Enterobacterales	Enterobacteriaceae	Salmonella
809	Salmonella enterica subsp. enterica serovar Typhimurium	AAABGD.gz	AAABGD010000001-AAABGD010000079	79	5008460	BCT	2018-06-14	2019-02-12	PRJNA248792	SAMN09396886	SRR7292898	Bacteria	Pseudomonadota	Gammaproteobacteria	Enterobacterales	Enterobacteriaceae	Salmonella
810	Salmonella enterica subsp. enterica serovar Monschaui	AAABGE.gz	AAABGE010000001-AAABGE010000042	42	4734419	BCT	2018-06-14	2019-02-12	PRJNA248792	SAMN09396913	SRR7292918	Bacteria	Pseudomonadota	Gammaproteobacteria	Enterobacterales	Enterobacteriaceae	Salmonella
811	Salmonella enterica subsp. enterica serovar Oranienburg	AAABGF.gz	AAABGF010000001-AAABGF010000054	54	4597926	BCT	2018-06-14	2019-02-12	PRJNA248792	SAMN09396924	SRR7292921	Bacteria	Pseudomonadota	Gammaproteobacteria	Enterobacterales	Enterobacteriaceae	Salmonella
812	Salmonella enterica subsp. enterica serovar Mbandaka	AAABGG.gz	AAABGG010000001-AAABGG010000081	81	5002896	BCT	2018-06-14	2019-02-12	PRJNA248792	SAMN09396929	SRR7292920	Bacteria	Pseudomonadota	Gammaproteobacteria	Enterobacterales	Enterobacteriaceae	Salmonella
813	Salmonella enterica subsp. enterica	AAABGH.gz	AAABGH010000001-AAABGH010000402	402	5082960	BCT	2018-06-14	2019-02-12	PRJNA248792	SAMN09396940	SRR7292947	Bacteria	Pseudomonadota	Gammaproteobacteria	Enterobacterales	Enterobacteriaceae	Salmonella
814	Salmonella enterica subsp. enterica serovar Panama	AAABGI.gz	AAABGI010000001-AAABGI010000054	54	4576218	BCT	2018-06-14	2019-02-12	PRJNA248792	SAMN09396943	SRR7292945	Bacteria	Pseudomonadota	Gammaproteobacteria	Enterobacterales	Enterobacteriaceae	Salmonella
815	Salmonella enterica subsp. enterica serovar Schwarzengrund	AAABGJ.gz	AAABGJ010000001-AAABGJ010000178	178	4755843	BCT	2018-06-14	2019-02-12	PRJNA248792	SAMN09396921	SRR7292926	Bacteria	Pseudomonadota	Gammaproteobacteria	Enterobacterales	Enterobacteriaceae	Salmonella
816	Salmonella enterica subsp. enterica serovar Typhi	AAABGK.gz	AAABGK010000001-AAABGK010000113	113	4840216	BCT	2018-06-14	2019-02-12	PRJNA248792	SAMN09403051	SRR7297884	Bacteria	Pseudomonadota	Gammaproteobacteria	Enterobacterales	Enterobacteriaceae	Salmonella
817	Salmonella enterica subsp. enterica serovar Stanley	AAABGL.gz	AAABGL010000001-AAABGL010000041	41	4808502	BCT	2018-06-14	2019-02-12	PRJNA248792	SAMN09396972	SRR7292955	Bacteria	Pseudomonadota	Gammaproteobacteria	Enterobacterales	Enterobacteriaceae	Salmonella
818	Salmonella enterica subsp. enterica serovar Hessarek	AAABGM.gz	AAABGM010000001-AAABGM010000071	71	4703984	BCT	2018-06-14	2019-02-12	PRJNA248792	SAMN09399011	SRR7293657	Bacteria	Pseudomonadota	Gammaproteobacteria	Enterobacterales	Enterobacteriaceae	Salmonella
819	Salmonella enterica subsp. enterica	AAABGN.gz	AAABGN010000001-AAABGN010000083	83	4967040	BCT	2018-06-14	2019-02-12	PRJNA248792	SAMN09396934	SRR7292941	Bacteria	Pseudomonadota	Gammaproteobacteria	Enterobacterales	Enterobacteriaceae	Salmonella
820	Salmonella enterica subsp. enterica serovar Sandiego	AAABGO.gz	AAABGO010000001-AAABGO010000129	129	4770458	BCT	2018-06-14	2019-02-12	PRJNA248792	SAMN09403228	SRR7297890	Bacteria	Pseudomonadota	Gammaproteobacteria	Enterobacterales	Enterobacteriaceae	Salmonella
821	Salmonella enterica subsp. enterica serovar Newport	AAABGP.gz	AAABGP010000001-AAABGP010000134	134	4921243	BCT	2018-06-14	2019-02-12	PRJNA248792	SAMN09396953	SRR7292973	Bacteria	Pseudomonadota	Gammaproteobacteria	Enterobacterales	Enterobacteriaceae	Salmonella
822	Salmonella enterica subsp. enterica serovar Virchow	AAABGQ.gz	AAABGQ010000001-AAABGQ010000054	54	4767222	BCT	2018-06-14	2019-02-12	PRJNA248792	SAMN09403916	SRR7297931	Bacteria	Pseudomonadota	Gammaproteobacteria	Enterobacterales	Enterobacteriaceae	Salmonella
823	Salmonella enterica subsp. enterica serovar Weltevreden	AAABGR.gz	AAABGR010000001-AAABGR010000079	79	4887508	BCT	2018-06-14	2019-02-12	PRJNA248792	SAMN09396949	SRR7292964	Bacteria	Pseudomonadota	Gammaproteobacteria	Enterobacterales	Enterobacteriaceae	Salmonella
824	Salmonella enterica subsp. enterica	AAABGS.gz	AAABGS010000001-AAABGS010000086	86	4862059	BCT	2018-06-14	2019-02-12	PRJNA248792	SAMN09403220	SRR7297893	Bacteria	Pseudomonadota	Gammaproteobacteria	Enterobacterales	Enterobacteriaceae	Salmonella
825	Salmonella enterica subsp. enterica serovar Stanleyville	AAABGT.gz	AAABGT010000001-AAABGT010000052	52	4642975	BCT	2018-06-14	2019-02-12	PRJNA248792	SAMN09403930	SRR7297941	Bacteria	Pseudomonadota	Gammaproteobacteria	Enterobacterales	Enterobacteriaceae	Salmonella
826	Salmonella enterica subsp. enterica serovar Saintpaul	AAABGU.gz	AAABGU010000001-AAABGU010000060	60	4797769	BCT	2018-06-14	2019-02-12	PRJNA248792	SAMN09403918	SRR7297933	Bacteria	Pseudomonadota	Gammaproteobacteria	Enterobacterales	Enterobacteriaceae	Salmonella
827	Salmonella enterica subsp. enterica serovar Braenderup	AAABGV.gz	AAABGV010000001-AAABGV010000048	48	4679786	BCT	2018-06-14	2019-02-12	PRJNA248792	SAMN09403906	SRR7297916	Bacteria	Pseudomonadota	Gammaproteobacteria	Enterobacterales	Enterobacteriaceae	Salmonella
828	Salmonella enterica subsp. enterica serovar Typhimurium	AAABGW.gz	AAABGW010000001-AAABGW010000091	91	4865693	BCT	2018-06-14	2019-02-12	PRJNA248792	SAMN09403940	SRR7297949	Bacteria	Pseudomonadota	Gammaproteobacteria	Enterobacterales	Enterobacteriaceae	Salmonella
829	Salmonella enterica subsp. enterica serovar Enteritidis	AAABGX.gz	AAABGX010000001-AAABGX010000071	71	4741661	BCT	2018-06-14	2019-02-12	PRJNA248792	SAMN09403910	SRR7297930	Bacteria	Pseudomonadota	Gammaproteobacteria	Enterobacterales	Enterobacteriaceae	Salmonella
830	Salmonella enterica subsp. enterica serovar Enteritidis	AAABGY.gz	AAABGY010000001-AAABGY010000059	59	4686007	BCT	2018-06-14	2019-02-12	PRJNA248792	SAMN09403952	SRR7297962	Bacteria	Pseudomonadota	Gammaproteobacteria	Enterobacterales	Enterobacteriaceae	Salmonella
831	Salmonella enterica subsp. enterica serovar Durham	AAABGZ.gz	AAABGZ010000001-AAABGZ010000091	91	4631753	BCT	2018-06-14	2019-02-12	PRJNA248792	SAMN09403936	SRR7297950	Bacteria	Pseudomonadota	Gammaproteobacteria	Enterobacterales	Enterobacteriaceae	Salmonella
832	Salmonella enterica subsp. enterica serovar Enteritidis	AAABHA.gz	AAABHA010000001-AAABHA010000053	53	4680545	BCT	2018-06-14	2019-02-12	PRJNA248792	SAMN09404239	SRR7298360	Bacteria	Pseudomonadota	Gammaproteobacteria	Enterobacterales	Enterobacteriaceae	Salmonella
833	Salmonella enterica subsp. enterica serovar Mikawasima	AAABHB.gz	AAABHB010000001-AAABHB010000055	55	4745988	BCT	2018-06-14	2019-02-12	PRJNA248792	SAMN09404248	SRR7298384	Bacteria	Pseudomonadota	Gammaproteobacteria	Enterobacterales	Enterobacteriaceae	Salmonella
834	Salmonella enterica subsp. enterica serovar Newport	AAABHC.gz	AAABHC010000001-AAABHC010000069	69	4941225	BCT	2018-06-14	2019-02-12	PRJNA248792	SAMN09403937	SRR7297943	Bacteria	Pseudomonadota	Gammaproteobacteria	Enterobacterales	Enterobacteriaceae	Salmonella
835	Salmonella enterica subsp. enterica	AAABHD.gz	AAABHD010000001-AAABHD010000110	110	4959449	BCT	2018-06-14	2019-02-12	PRJNA248792	SAMN09403947	SRR7297953	Bacteria	Pseudomonadota	Gammaproteobacteria	Enterobacterales	Enterobacteriaceae	Salmonella
836	Salmonella enterica subsp. enterica	AAABHE.gz	AAABHE010000001-AAABHE010000069	69	4946937	BCT	2018-06-14	2019-02-12	PRJNA248792	SAMN09403963	SRR7297972	Bacteria	Pseudomonadota	Gammaproteobacteria	Enterobacterales	Enterobacteriaceae	Salmonella
837	Salmonella enterica subsp. enterica serovar Newport	AAABHF.gz	AAABHF010000001-AAABHF010000051	51	4642776	BCT	2018-06-14	2019-02-12	PRJNA248792	SAMN09404249	SRR7298382	Bacteria	Pseudomonadota	Gammaproteobacteria	Enterobacterales	Enterobacteriaceae	Salmonella
838	Salmonella enterica subsp. enterica serovar Poona	AAABHG.gz	AAABHG010000001-AAABHG010000057	57	4580550	BCT	2018-06-14	2019-02-12	PRJNA248792	SAMN09404230	SRR7298367	Bacteria	Pseudomonadota	Gammaproteobacteria	Enterobacterales	Enterobacteriaceae	Salmonella
839	Salmonella enterica subsp. enterica serovar Infantis	AAABHH.gz	AAABHH010000001-AAABHH010000093	93	4713385	BCT	2018-06-14	2019-02-12	PRJNA248792	SAMN09404270	SRR7298406	Bacteria	Pseudomonadota	Gammaproteobacteria	Enterobacterales	Enterobacteriaceae	Salmonella
840	Salmonella enterica subsp. enterica serovar Virchow	AAABHI.gz	AAABHI010000001-AAABHI010000059	59	4720283	BCT	2018-06-14	2019-02-12	PRJNA248792	SAMN09403953	SRR7297963	Bacteria	Pseudomonadota	Gammaproteobacteria	Enterobacterales	Enterobacteriaceae	Salmonella
841	Salmonella enterica subsp. enterica serovar Enteritidis	AAABHJ.gz	AAABHJ010000001-AAABHJ010000040	40	4693375	BCT	2018-06-14	2019-02-12	PRJNA248792	SAMN09404333	SRR7298807	Bacteria	Pseudomonadota	Gammaproteobacteria	Enterobacterales	Enterobacteriaceae	Salmonella
842	Salmonella enterica subsp. enterica serovar Enteritidis	AAABHK.gz	AAABHK010000001-AAABHK010000064	64	4789895	BCT	2018-06-14	2019-02-12	PRJNA248792	SAMN09404279	SRR7298806	Bacteria	Pseudomonadota	Gammaproteobacteria	Enterobacterales	Enterobacteriaceae	Salmonella
843	Salmonella enterica subsp. enterica serovar Typhimurium	AAABHL.gz	AAABHL010000001-AAABHL010000113	113	4955135	BCT	2018-06-15	2019-02-12	PRJNA248792	SAMN09404427	SRR7299134	Bacteria	Pseudomonadota	Gammaproteobacteria	Enterobacterales	Enterobacteriaceae	Salmonella
844	Salmonella enterica subsp. enterica serovar Paratyphi A	AAABHM.gz	AAABHM010000001-AAABHM010000039	39	4556932	BCT	2018-06-14	2019-02-12	PRJNA248792	SAMN09404313	SRR7298817	Bacteria	Pseudomonadota	Gammaproteobacteria	Enterobacterales	Enterobacteriaceae	Salmonella
845	Salmonella enterica subsp. enterica	AAABHN.gz	AAABHN010000001-AAABHN010000261	261	4897188	BCT	2018-06-14	2019-02-12	PRJNA248792	SAMN09404347	SRR7298837	Bacteria	Pseudomonadota	Gammaproteobacteria	Enterobacterales	Enterobacteriaceae	Salmonella
846	Salmonella enterica subsp. enterica serovar Agona	AAABHO.gz	AAABHO010000001-AAABHO010000058	58	4758644	BCT	2018-06-15	2019-02-12	PRJNA248792	SAMN09404397	SRR7299115	Bacteria	Pseudomonadota	Gammaproteobacteria	Enterobacterales	Enterobacteriaceae	Salmonella
847	Salmonella enterica subsp. enterica	AAABHP.gz	AAABHP010000001-AAABHP010000088	88	4908852	BCT	2018-06-14	2019-02-12	PRJNA248792	SAMN09404312	SRR7298821	Bacteria	Pseudomonadota	Gammaproteobacteria	Enterobacterales	Enterobacteriaceae	Salmonella
848	Salmonella enterica subsp. enterica serovar Enteritidis	AAABHQ.gz	AAABHQ010000001-AAABHQ010000365	365	4626363	BCT	2018-06-15	2019-02-12	PRJNA248792	SAMN09408003	SRR7310346	Bacteria	Pseudomonadota	Gammaproteobacteria	Enterobacterales	Enterobacteriaceae	Salmonella
849	Salmonella enterica subsp. enterica	AAABHR.gz	AAABHR010000001-AAABHR010000082	82	5041347	BCT	2018-06-14	2019-02-12	PRJNA248792	SAMN09404337	SRR7298838	Bacteria	Pseudomonadota	Gammaproteobacteria	Enterobacterales	Enterobacteriaceae	Salmonella
850	Salmonella enterica subsp. enterica serovar Enteritidis	AAABHS.gz	AAABHS010000001-AAABHS010000055	55	4718254	BCT	2018-06-15	2019-02-12	PRJNA248792	SAMN09416588	SRR7310592	Bacteria	Pseudomonadota	Gammaproteobacteria	Enterobacterales	Enterobacteriaceae	Salmonella
851	Salmonella enterica subsp. enterica serovar Indiana	AAABHT.gz	AAABHT010000001-AAABHT010000060	60	4651325	BCT	2018-06-15	2019-02-12	PRJNA248792	SAMN09416549	SRR7310531	Bacteria	Pseudomonadota	Gammaproteobacteria	Enterobacterales	Enterobacteriaceae	Salmonella
852	Salmonella enterica subsp. enterica serovar Braenderup	AAABHU.gz	AAABHU010000001-AAABHU010000144	144	4757470	BCT	2018-06-15	2019-02-12	PRJNA248792	SAMN09404437	SRR7299101	Bacteria	Pseudomonadota	Gammaproteobacteria	Enterobacterales	Enterobacteriaceae	Salmonella
853	Salmonella enterica subsp. enterica serovar Paratyphi B var. L(+) tartrate +	AAABHV.gz	AAABHV010000001-AAABHV010000067	67	4841066	BCT	2018-06-15	2019-02-12	PRJNA248792	SAMN09423112	SRR7310595	Bacteria	Pseudomonadota	Gammaproteobacteria	Enterobacterales	Enterobacteriaceae	Salmonella
854	Salmonella enterica subsp. enterica serovar Livingstone	AAABHW.gz	AAABHW010000001-AAABHW010000058	58	4701271	BCT	2018-06-15	2019-02-12	PRJNA248792	SAMN09423135	SRR7310351	Bacteria	Pseudomonadota	Gammaproteobacteria	Enterobacterales	Enterobacteriaceae	Salmonella
855	Salmonella enterica subsp. enterica serovar Stanley	AAABHX.gz	AAABHX010000001-AAABHX010000091	91	4777090	BCT	2018-06-15	2019-02-12	PRJNA248792	SAMN09423125	SRR7310345	Bacteria	Pseudomonadota	Gammaproteobacteria	Enterobacterales	Enterobacteriaceae	Salmonella
856	Salmonella enterica subsp. enterica serovar Typhimurium	AAABHY.gz	AAABHY010000001-AAABHY010000428	428	4805470	BCT	2018-06-15	2019-02-12	PRJNA248792	SAMN09404391	SRR7299089	Bacteria	Pseudomonadota	Gammaproteobacteria	Enterobacterales	Enterobacteriaceae	Salmonella
857	Salmonella enterica subsp. enterica serovar Javiana	AAABHZ.gz	AAABHZ010000001-AAABHZ010000312	312	4777192	BCT	2018-06-15	2019-02-12	PRJNA248792	SAMN09423114	SRR7310599	Bacteria	Pseudomonadota	Gammaproteobacteria	Enterobacterales	Enterobacteriaceae	Salmonella
858	Salmonella enterica subsp. enterica serovar Stanley	AAABIA.gz	AAABIA010000001-AAABIA010000074	74	4716531	BCT	2018-06-15	2019-02-12	PRJNA248792	SAMN09423199	SRR7310366	Bacteria	Pseudomonadota	Gammaproteobacteria	Enterobacterales	Enterobacteriaceae	Salmonella
859	Salmonella enterica subsp. enterica serovar Agona	AAABIB.gz	AAABIB010000001-AAABIB010000060	60	4711861	BCT	2018-06-15	2019-02-12	PRJNA248792	SAMN09422632	SRR7310571	Bacteria	Pseudomonadota	Gammaproteobacteria	Enterobacterales	Enterobacteriaceae	Salmonella
860	Salmonella enterica subsp. houtenae	AAABIC.gz	AAABIC010000001-AAABIC010000098	98	4798329	BCT	2018-06-15	2019-02-12	PRJNA248792	SAMN09423213	SRR7310563	Bacteria	Pseudomonadota	Gammaproteobacteria	Enterobacterales	Enterobacteriaceae	Salmonella
861	Salmonella enterica subsp. enterica serovar Newport	AAABID.gz	AAABID010000001-AAABID010000065	65	4704111	BCT	2018-06-15	2019-02-12	PRJNA248792	SAMN09423120	SRR7310313	Bacteria	Pseudomonadota	Gammaproteobacteria	Enterobacterales	Enterobacteriaceae	Salmonella
862	Salmonella enterica subsp. enterica serovar Typhimurium	AAABIE.gz	AAABIE010000001-AAABIE010000088	88	4983610	BCT	2018-06-15	2019-02-12	PRJNA248792	SAMN09423129	SRR7310360	Bacteria	Pseudomonadota	Gammaproteobacteria	Enterobacterales	Enterobacteriaceae	Salmonella
863	Salmonella enterica subsp. enterica serovar Chester	AAABIF.gz	AAABIF010000001-AAABIF010000039	39	4649261	BCT	2018-06-15	2019-02-12	PRJNA248792	SAMN09423191	SRR7310367	Bacteria	Pseudomonadota	Gammaproteobacteria	Enterobacterales	Enterobacteriaceae	Salmonella
864	Salmonella enterica subsp. enterica serovar Pomona	AAABIG.gz	AAABIG010000001-AAABIG010000079	79	4495757	BCT	2018-06-15	2019-02-12	PRJNA248792	SAMN09423224	SRR7310570	Bacteria	Pseudomonadota	Gammaproteobacteria	Enterobacterales	Enterobacteriaceae	Salmonella
865	Salmonella enterica subsp. enterica serovar Havana	AAABIH.gz	AAABIH010000001-AAABIH010000058	58	4690871	BCT	2018-06-15	2019-02-12	PRJNA248792	SAMN09423208	SRR7310590	Bacteria	Pseudomonadota	Gammaproteobacteria	Enterobacterales	Enterobacteriaceae	Salmonella
866	Salmonella enterica subsp. enterica serovar Enteritidis	AAABII.gz	AAABII010000001-AAABII010000050	50	4688072	BCT	2018-06-15	2019-02-12	PRJNA248792	SAMN09423335	SRR7310549	Bacteria	Pseudomonadota	Gammaproteobacteria	Enterobacterales	Enterobacteriaceae	Salmonella
867	Salmonella enterica subsp. enterica	AAABIJ.gz	AAABIJ010000001-AAABIJ010000095	95	4896854	BCT	2018-06-15	2019-02-12	PRJNA248792	SAMN09423222	SRR7310607	Bacteria	Pseudomonadota	Gammaproteobacteria	Enterobacterales	Enterobacteriaceae	Salmonella
868	Salmonella enterica subsp. enterica serovar Oranienburg	AAABIK.gz	AAABIK010000001-AAABIK010000057	57	4596290	BCT	2018-06-15	2019-02-12	PRJNA248792	SAMN09423207	SRR7310594	Bacteria	Pseudomonadota	Gammaproteobacteria	Enterobacterales	Enterobacteriaceae	Salmonella
869	Salmonella enterica subsp. enterica serovar Bareilly	AAABIL.gz	AAABIL010000001-AAABIL010000053	53	4716509	BCT	2018-06-15	2019-02-12	PRJNA248792	SAMN09423334	SRR7310355	Bacteria	Pseudomonadota	Gammaproteobacteria	Enterobacterales	Enterobacteriaceae	Salmonella
870	Salmonella enterica subsp. enterica serovar Livingstone	AAABIM.gz	AAABIM010000001-AAABIM010000054	54	4718458	BCT	2018-06-15	2019-02-12	PRJNA248792	SAMN09423211	SRR7310581	Bacteria	Pseudomonadota	Gammaproteobacteria	Enterobacterales	Enterobacteriaceae	Salmonella
871	Salmonella enterica subsp. enterica serovar Kentucky	AAABIN.gz	AAABIN010000001-AAABIN010000068	68	4840930	BCT	2018-06-15	2019-02-12	PRJNA248792	SAMN09423353	SRR7310632	Bacteria	Pseudomonadota	Gammaproteobacteria	Enterobacterales	Enterobacteriaceae	Salmonella
872	Salmonella enterica subsp. enterica serovar Potsdam	AAABIO.gz	AAABIO010000001-AAABIO010000053	53	4838688	BCT	2018-06-15	2019-02-12	PRJNA248792	SAMN09423355	SRR7310636	Bacteria	Pseudomonadota	Gammaproteobacteria	Enterobacterales	Enterobacteriaceae	Salmonella
873	Salmonella enterica subsp. enterica serovar Typhimurium	AAABIP.gz	AAABIP010000001-AAABIP010000060	60	4619069	BCT	2018-06-17	2019-02-12	PRJNA248792	SAMN09426435	SRR7343666	Bacteria	Pseudomonadota	Gammaproteobacteria	Enterobacterales	Enterobacteriaceae	Salmonella
874	Salmonella enterica subsp. enterica serovar Kedougou	AAABIQ.gz	AAABIQ010000001-AAABIQ010000087	87	4776905	BCT	2018-06-17	2019-02-12	PRJNA248792	SAMN09426425	SRR7343667	Bacteria	Pseudomonadota	Gammaproteobacteria	Enterobacterales	Enterobacteriaceae	Salmonella
875	Salmonella enterica subsp. enterica	AAABIR.gz	AAABIR010000001-AAABIR010000109	109	4909470	BCT	2018-06-17	2019-02-12	PRJNA248792	SAMN09426434	SRR7343683	Bacteria	Pseudomonadota	Gammaproteobacteria	Enterobacterales	Enterobacteriaceae	Salmonella
876	Salmonella enterica subsp. enterica serovar Enteritidis	AAABIS.gz	AAABIS010000001-AAABIS010000122	122	4764481	BCT	2018-06-17	2019-02-12	PRJNA248792	SAMN09427160	SRR7344587	Bacteria	Pseudomonadota	Gammaproteobacteria	Enterobacterales	Enterobacteriaceae	Salmonella
877	Salmonella enterica subsp. enterica serovar Enteritidis	AAABIT.gz	AAABIT010000001-AAABIT010000049	49	4684883	BCT	2018-06-17	2019-02-12	PRJNA248792	SAMN09427208	SRR7344602	Bacteria	Pseudomonadota	Gammaproteobacteria	Enterobacterales	Enterobacteriaceae	Salmonella
878	Salmonella enterica subsp. enterica serovar Stanley	AAABIU.gz	AAABIU010000001-AAABIU010000068	68	4810672	BCT	2018-06-17	2019-02-12	PRJNA248792	SAMN09426656	SRR7343893	Bacteria	Pseudomonadota	Gammaproteobacteria	Enterobacterales	Enterobacteriaceae	Salmonella
879	Salmonella enterica subsp. enterica serovar Paratyphi B var. L(+) tartrate +	AAABIV.gz	AAABIV010000001-AAABIV010000071	71	4893560	BCT	2018-06-17	2019-02-12	PRJNA248792	SAMN09426637	SRR7343876	Bacteria	Pseudomonadota	Gammaproteobacteria	Enterobacterales	Enterobacteriaceae	Salmonella
880	Salmonella enterica subsp. enterica serovar Ealing	AAABIW.gz	AAABIW010000001-AAABIW010000075	75	4907374	BCT	2018-06-17	2019-02-12	PRJNA248792	SAMN09426428	SRR7343684	Bacteria	Pseudomonadota	Gammaproteobacteria	Enterobacterales	Enterobacteriaceae	Salmonella
881	Salmonella enterica subsp. enterica serovar Enteritidis	AAABIX.gz	AAABIX010000001-AAABIX010000053	53	4686524	BCT	2018-06-17	2019-02-12	PRJNA248792	SAMN09427202	SRR7344625	Bacteria	Pseudomonadota	Gammaproteobacteria	Enterobacterales	Enterobacteriaceae	Salmonella
882	Salmonella enterica subsp. enterica	AAABIY.gz	AAABIY010000001-AAABIY010000109	109	4964458	BCT	2018-06-17	2019-02-12	PRJNA248792	SAMN09426783	SRR7343908	Bacteria	Pseudomonadota	Gammaproteobacteria	Enterobacterales	Enterobacteriaceae	Salmonella
883	Salmonella enterica subsp. enterica serovar Ruiru	AAABIZ.gz	AAABIZ010000001-AAABIZ010000058	58	4583039	BCT	2018-06-17	2019-02-12	PRJNA248792	SAMN09427203	SRR7344608	Bacteria	Pseudomonadota	Gammaproteobacteria	Enterobacterales	Enterobacteriaceae	Salmonella
884	Salmonella enterica subsp. enterica serovar Agona	AAABJA.gz	AAABJA010000001-AAABJA010000071	71	4703203	BCT	2018-06-17	2019-02-12	PRJNA248792	SAMN09426968	SRR7344586	Bacteria	Pseudomonadota	Gammaproteobacteria	Enterobacterales	Enterobacteriaceae	Salmonella
885	Salmonella enterica subsp. enterica serovar Kedougou	AAABJB.gz	AAABJB010000001-AAABJB010000075	75	4875186	BCT	2018-06-17	2019-02-12	PRJNA248792	SAMN09426646	SRR7343903	Bacteria	Pseudomonadota	Gammaproteobacteria	Enterobacterales	Enterobacteriaceae	Salmonella
886	Salmonella enterica subsp. enterica serovar Give	AAABJC.gz	AAABJC010000001-AAABJC010000062	62	4692503	BCT	2018-06-17	2019-02-12	PRJNA248792	SAMN09427220	SRR7344604	Bacteria	Pseudomonadota	Gammaproteobacteria	Enterobacterales	Enterobacteriaceae	Salmonella
887	Salmonella enterica subsp. enterica serovar Thompson	AAABJD.gz	AAABJD010000001-AAABJD010000056	56	4643129	BCT	2018-06-17	2019-02-12	PRJNA248792	SAMN09426802	SRR7343917	Bacteria	Pseudomonadota	Gammaproteobacteria	Enterobacterales	Enterobacteriaceae	Salmonella
888	Salmonella enterica subsp. enterica serovar Paratyphi B var. L(+) tartrate +	AAABJE.gz	AAABJE010000001-AAABJE010000068	68	4677699	BCT	2018-06-17	2019-02-12	PRJNA248792	SAMN09427230	SRR7344654	Bacteria	Pseudomonadota	Gammaproteobacteria	Enterobacterales	Enterobacteriaceae	Salmonella
889	Salmonella enterica subsp. enterica serovar Montevideo	AAABJF.gz	AAABJF010000001-AAABJF010000174	174	4673035	BCT	2018-06-17	2019-02-12	PRJNA248792	SAMN09427357	SRR7344639	Bacteria	Pseudomonadota	Gammaproteobacteria	Enterobacterales	Enterobacteriaceae	Salmonella
890	Salmonella enterica subsp. enterica serovar Enteritidis	AAABJG.gz	AAABJG010000001-AAABJG010000036	36	4735398	BCT	2018-06-17	2019-02-12	PRJNA248792	SAMN09426682	SRR7343911	Bacteria	Pseudomonadota	Gammaproteobacteria	Enterobacterales	Enterobacteriaceae	Salmonella
891	Salmonella enterica subsp. enterica serovar Typhimurium	AAABJH.gz	AAABJH010000001-AAABJH010000066	66	4771459	BCT	2018-06-17	2019-02-12	PRJNA248792	SAMN09431278	SRR7348941	Bacteria	Pseudomonadota	Gammaproteobacteria	Enterobacterales	Enterobacteriaceae	Salmonella
892	Salmonella enterica subsp. enterica	AAABJI.gz	AAABJI010000001-AAABJI010000086	86	4902676	BCT	2018-06-17	2019-02-12	PRJNA248792	SAMN09427366	SRR7344663	Bacteria	Pseudomonadota	Gammaproteobacteria	Enterobacterales	Enterobacteriaceae	Salmonella
893	Salmonella enterica subsp. enterica serovar Infantis	AAABJJ.gz	AAABJJ010000001-AAABJJ010000145	145	4615940	BCT	2018-06-17	2019-02-12	PRJNA248792	SAMN09431460	SRR7349256	Bacteria	Pseudomonadota	Gammaproteobacteria	Enterobacterales	Enterobacteriaceae	Salmonella
894	Salmonella enterica subsp. salamae serovar Sofia	AAABJK.gz	AAABJK010000001-AAABJK010000139	139	5023318	BCT	2018-06-17	2023-03-13	PRJNA248792	SAMN09431355	SRR7349166	Bacteria	Pseudomonadota	Gammaproteobacteria	Enterobacterales	Enterobacteriaceae	Salmonella
895	Salmonella enterica subsp. enterica	AAABJL.gz	AAABJL010000001-AAABJL010000094	94	4907359	BCT	2018-06-17	2019-02-12	PRJNA248792	SAMN09431286	SRR7348934	Bacteria	Pseudomonadota	Gammaproteobacteria	Enterobacterales	Enterobacteriaceae	Salmonella
896	Salmonella enterica subsp. enterica serovar Kentucky	AAABJM.gz	AAABJM010000001-AAABJM010000215	215	5107764	BCT	2018-06-17	2019-02-12	PRJNA248792	SAMN09431380	SRR7349181	Bacteria	Pseudomonadota	Gammaproteobacteria	Enterobacterales	Enterobacteriaceae	Salmonella
897	Salmonella enterica subsp. enterica serovar Typhimurium	AAABJN.gz	AAABJN010000001-AAABJN010000072	72	4947021	BCT	2018-06-17	2019-02-12	PRJNA248792	SAMN09431359	SRR7349168	Bacteria	Pseudomonadota	Gammaproteobacteria	Enterobacterales	Enterobacteriaceae	Salmonella
898	Salmonella enterica subsp. enterica serovar Typhimurium	AAABJO.gz	AAABJO010000001-AAABJO010000088	88	4994711	BCT	2018-06-17	2019-02-12	PRJNA248792	SAMN09431357	SRR7349160	Bacteria	Pseudomonadota	Gammaproteobacteria	Enterobacterales	Enterobacteriaceae	Salmonella
899	Salmonella enterica subsp. enterica serovar Typhimurium	AAABJP.gz	AAABJP010000001-AAABJP010000076	76	4949756	BCT	2018-06-17	2019-02-12	PRJNA248792	SAMN09431318	SRR7349126	Bacteria	Pseudomonadota	Gammaproteobacteria	Enterobacterales	Enterobacteriaceae	Salmonella
900	Salmonella enterica subsp. enterica serovar Bovismorbificans	AAABJQ.gz	AAABJQ010000001-AAABJQ010000049	49	4665785	BCT	2018-06-17	2019-02-12	PRJNA248792	SAMN09431403	SRR7349217	Bacteria	Pseudomonadota	Gammaproteobacteria	Enterobacterales	Enterobacteriaceae	Salmonella
901	Salmonella enterica subsp. enterica serovar Enteritidis	AAABJR.gz	AAABJR010000001-AAABJR010000046	46	4689654	BCT	2018-06-17	2019-02-12	PRJNA248792	SAMN09431385	SRR7349208	Bacteria	Pseudomonadota	Gammaproteobacteria	Enterobacterales	Enterobacteriaceae	Salmonella
902	Salmonella enterica subsp. enterica serovar Newport	AAABJS.gz	AAABJS010000001-AAABJS010000048	48	4626623	BCT	2018-06-17	2019-02-12	PRJNA248792	SAMN09431346	SRR7349151	Bacteria	Pseudomonadota	Gammaproteobacteria	Enterobacterales	Enterobacteriaceae	Salmonella
903	Salmonella enterica subsp. enterica serovar Typhimurium	AAABJT.gz	AAABJT010000001-AAABJT010000091	91	4965317	BCT	2018-06-17	2019-02-12	PRJNA248792	SAMN09431344	SRR7349149	Bacteria	Pseudomonadota	Gammaproteobacteria	Enterobacterales	Enterobacteriaceae	Salmonella
904	Salmonella enterica subsp. enterica serovar Enteritidis	AAABJU.gz	AAABJU010000001-AAABJU010000053	53	4699185	BCT	2018-06-17	2019-02-12	PRJNA248792	SAMN09431392	SRR7349202	Bacteria	Pseudomonadota	Gammaproteobacteria	Enterobacterales	Enterobacteriaceae	Salmonella
905	Salmonella enterica subsp. enterica serovar Indiana	AAABJV.gz	AAABJV010000001-AAABJV010000051	51	4654644	BCT	2018-06-17	2019-02-12	PRJNA248792	SAMN09431459	SRR7349267	Bacteria	Pseudomonadota	Gammaproteobacteria	Enterobacterales	Enterobacteriaceae	Salmonella
906	Salmonella enterica subsp. enterica serovar Virchow	AAABJW.gz	AAABJW010000001-AAABJW010000058	58	4694990	BCT	2018-06-17	2019-02-12	PRJNA248792	SAMN09431394	SRR7349205	Bacteria	Pseudomonadota	Gammaproteobacteria	Enterobacterales	Enterobacteriaceae	Salmonella
907	Salmonella enterica subsp. enterica serovar Rissen	AAABJX.gz	AAABJX010000001-AAABJX010000162	162	4958539	BCT	2018-06-17	2019-02-12	PRJNA248792	SAMN09431486	SRR7349287	Bacteria	Pseudomonadota	Gammaproteobacteria	Enterobacterales	Enterobacteriaceae	Salmonella
908	Salmonella enterica subsp. enterica serovar Durham	AAABJY.gz	AAABJY010000001-AAABJY010000129	129	4464649	BCT	2018-06-17	2019-02-12	PRJNA248792	SAMN09431528	SRR7349307	Bacteria	Pseudomonadota	Gammaproteobacteria	Enterobacterales	Enterobacteriaceae	Salmonella
909	Salmonella enterica subsp. enterica serovar Typhimurium	AAABJZ.gz	AAABJZ010000001-AAABJZ010000080	80	4930180	BCT	2018-06-17	2019-02-12	PRJNA248792	SAMN09431369	SRR7349174	Bacteria	Pseudomonadota	Gammaproteobacteria	Enterobacterales	Enterobacteriaceae	Salmonella
910	Salmonella enterica subsp. enterica serovar Typhimurium	AAABKA.gz	AAABKA010000001-AAABKA010000085	85	5018252	BCT	2018-06-17	2019-02-12	PRJNA248792	SAMN09431412	SRR7349240	Bacteria	Pseudomonadota	Gammaproteobacteria	Enterobacterales	Enterobacteriaceae	Salmonella
911	Salmonella enterica subsp. enterica serovar Newport	AAABKB.gz	AAABKB010000001-AAABKB010000058	58	4934119	BCT	2018-06-17	2019-02-12	PRJNA248792	SAMN09431427	SRR7349244	Bacteria	Pseudomonadota	Gammaproteobacteria	Enterobacterales	Enterobacteriaceae	Salmonella
912	Salmonella enterica subsp. enterica serovar Napoli	AAABKC.gz	AAABKC010000001-AAABKC010000137	137	4736286	BCT	2018-06-17	2019-02-12	PRJNA248792	SAMN09431468	SRR7349253	Bacteria	Pseudomonadota	Gammaproteobacteria	Enterobacterales	Enterobacteriaceae	Salmonella
913	Salmonella enterica subsp. enterica serovar Typhimurium	AAABKD.gz	AAABKD010000001-AAABKD010000116	116	4831034	BCT	2018-06-17	2019-02-12	PRJNA248792	SAMN09431429	SRR7349246	Bacteria	Pseudomonadota	Gammaproteobacteria	Enterobacterales	Enterobacteriaceae	Salmonella
914	Salmonella enterica subsp. enterica serovar Chester	AAABKE.gz	AAABKE010000001-AAABKE010000051	51	4770418	BCT	2018-06-17	2019-02-12	PRJNA248792	SAMN09431504	SRR7349279	Bacteria	Pseudomonadota	Gammaproteobacteria	Enterobacterales	Enterobacteriaceae	Salmonella
915	Salmonella enterica subsp. enterica	AAABKF.gz	AAABKF010000001-AAABKF010000089	89	5034044	BCT	2018-06-17	2019-02-12	PRJNA248792	SAMN09431323	SRR7349122	Bacteria	Pseudomonadota	Gammaproteobacteria	Enterobacterales	Enterobacteriaceae	Salmonella
916	Salmonella enterica subsp. enterica serovar Kentucky	AAABKG.gz	AAABKG010000001-AAABKG010000047	47	4823151	BCT	2018-06-17	2019-02-12	PRJNA248792	SAMN09431530	SRR7349309	Bacteria	Pseudomonadota	Gammaproteobacteria	Enterobacterales	Enterobacteriaceae	Salmonella
917	Salmonella enterica subsp. enterica serovar Braenderup	AAABKH.gz	AAABKH010000001-AAABKH010000061	61	4859746	BCT	2018-06-17	2019-02-12	PRJNA248792	SAMN09431549	SRR7349318	Bacteria	Pseudomonadota	Gammaproteobacteria	Enterobacterales	Enterobacteriaceae	Salmonella
918	Salmonella enterica subsp. enterica serovar Newport	AAABKI.gz	AAABKI010000001-AAABKI010000055	55	4591135	BCT	2018-06-17	2019-02-12	PRJNA248792	SAMN09431512	SRR7349292	Bacteria	Pseudomonadota	Gammaproteobacteria	Enterobacterales	Enterobacteriaceae	Salmonella
919	Salmonella enterica subsp. enterica serovar Typhimurium	AAABKJ.gz	AAABKJ010000001-AAABKJ010000081	81	4967012	BCT	2018-06-17	2019-02-12	PRJNA248792	SAMN09431491	SRR7349288	Bacteria	Pseudomonadota	Gammaproteobacteria	Enterobacterales	Enterobacteriaceae	Salmonella
920	Salmonella enterica subsp. enterica serovar Enteritidis	AAABKK.gz	AAABKK010000001-AAABKK010000052	52	4687314	BCT	2018-06-17	2019-02-12	PRJNA248792	SAMN09431543	SRR7349330	Bacteria	Pseudomonadota	Gammaproteobacteria	Enterobacterales	Enterobacteriaceae	Salmonella
921	Salmonella enterica subsp. enterica serovar Indiana	AAABKL.gz	AAABKL010000001-AAABKL010000057	57	4651702	BCT	2018-06-17	2019-02-12	PRJNA248792	SAMN09433530	SRR7350587	Bacteria	Pseudomonadota	Gammaproteobacteria	Enterobacterales	Enterobacteriaceae	Salmonella
922	Salmonella enterica subsp. enterica serovar Newport	AAABKM.gz	AAABKM010000001-AAABKM010000052	52	4714992	BCT	2018-06-17	2019-02-12	PRJNA248792	SAMN09431747	SRR7349409	Bacteria	Pseudomonadota	Gammaproteobacteria	Enterobacterales	Enterobacteriaceae	Salmonella
923	Salmonella enterica subsp. enterica serovar Coeln	AAABKN.gz	AAABKN010000001-AAABKN010000043	43	4749157	BCT	2018-06-17	2019-02-12	PRJNA248792	SAMN09431727	SRR7349371	Bacteria	Pseudomonadota	Gammaproteobacteria	Enterobacterales	Enterobacteriaceae	Salmonella
924	Salmonella enterica subsp. enterica serovar Weltevreden	AAABKO.gz	AAABKO010000001-AAABKO010000470	470	4858711	BCT	2018-06-17	2019-02-12	PRJNA248792	SAMN09433522	SRR7350584	Bacteria	Pseudomonadota	Gammaproteobacteria	Enterobacterales	Enterobacteriaceae	Salmonella
925	Salmonella enterica subsp. enterica serovar Enteritidis	AAABKP.gz	AAABKP010000001-AAABKP010000055	55	4742186	BCT	2018-06-17	2019-02-12	PRJNA248792	SAMN09433528	SRR7350592	Bacteria	Pseudomonadota	Gammaproteobacteria	Enterobacterales	Enterobacteriaceae	Salmonella
926	Salmonella enterica subsp. enterica serovar Newport	AAABKQ.gz	AAABKQ010000001-AAABKQ010000060	60	4674720	BCT	2018-06-17	2019-02-12	PRJNA248792	SAMN09433540	SRR7350601	Bacteria	Pseudomonadota	Gammaproteobacteria	Enterobacterales	Enterobacteriaceae	Salmonella
927	Salmonella enterica subsp. enterica serovar Mikawasima	AAABKR.gz	AAABKR010000001-AAABKR010000054	54	4917744	BCT	2018-06-17	2019-02-12	PRJNA248792	SAMN09433576	SRR7350617	Bacteria	Pseudomonadota	Gammaproteobacteria	Enterobacterales	Enterobacteriaceae	Salmonella
928	Salmonella enterica subsp. enterica serovar Oranienburg	AAABKS.gz	AAABKS010000001-AAABKS010000083	83	4701772	BCT	2018-06-17	2019-02-12	PRJNA248792	SAMN09433561	SRR7350625	Bacteria	Pseudomonadota	Gammaproteobacteria	Enterobacterales	Enterobacteriaceae	Salmonella
929	Salmonella enterica subsp. enterica serovar Typhimurium	AAABKT.gz	AAABKT010000001-AAABKT010000063	63	4750341	BCT	2018-06-17	2019-02-12	PRJNA248792	SAMN09433603	SRR7350661	Bacteria	Pseudomonadota	Gammaproteobacteria	Enterobacterales	Enterobacteriaceae	Salmonella
930	Salmonella enterica subsp. enterica serovar Typhimurium	AAABKU.gz	AAABKU010000001-AAABKU010000449	449	4864986	BCT	2018-06-17	2019-02-12	PRJNA248792	SAMN09433548	SRR7350609	Bacteria	Pseudomonadota	Gammaproteobacteria	Enterobacterales	Enterobacteriaceae	Salmonella
931	Salmonella enterica subsp. enterica serovar Bareilly	AAABKV.gz	AAABKV010000001-AAABKV010000045	45	4797960	BCT	2018-06-17	2019-02-12	PRJNA248792	SAMN09433582	SRR7350654	Bacteria	Pseudomonadota	Gammaproteobacteria	Enterobacterales	Enterobacteriaceae	Salmonella
932	Salmonella enterica subsp. enterica serovar Stanley	AAABKW.gz	AAABKW010000001-AAABKW010000047	47	4619263	BCT	2018-06-17	2019-02-12	PRJNA248792	SAMN09433584	SRR7350644	Bacteria	Pseudomonadota	Gammaproteobacteria	Enterobacterales	Enterobacteriaceae	Salmonella
933	Salmonella enterica subsp. enterica serovar Typhimurium	AAABKX.gz	AAABKX010000001-AAABKX010000085	85	4794825	BCT	2018-06-17	2019-02-12	PRJNA248792	SAMN09433568	SRR7350623	Bacteria	Pseudomonadota	Gammaproteobacteria	Enterobacterales	Enterobacteriaceae	Salmonella
934	Salmonella enterica subsp. enterica serovar Enteritidis	AAABKY.gz	AAABKY010000001-AAABKY010000045	45	4694718	BCT	2018-06-17	2019-02-12	PRJNA248792	SAMN09433588	SRR7350649	Bacteria	Pseudomonadota	Gammaproteobacteria	Enterobacterales	Enterobacteriaceae	Salmonella
935	Salmonella enterica subsp. enterica serovar Uganda	AAABKZ.gz	AAABKZ010000001-AAABKZ010000043	43	4705002	BCT	2018-06-17	2019-02-12	PRJNA248792	SAMN09433648	SRR7350711	Bacteria	Pseudomonadota	Gammaproteobacteria	Enterobacterales	Enterobacteriaceae	Salmonella
936	Salmonella enterica subsp. enterica serovar Enteritidis	AAABLA.gz	AAABLA010000001-AAABLA010000078	78	4626865	BCT	2018-06-17	2019-02-12	PRJNA248792	SAMN09433668	SRR7350732	Bacteria	Pseudomonadota	Gammaproteobacteria	Enterobacterales	Enterobacteriaceae	Salmonella
937	Salmonella enterica subsp. enterica serovar Enteritidis	AAABLB.gz	AAABLB010000001-AAABLB010000046	46	4691092	BCT	2018-06-17	2019-02-12	PRJNA248792	SAMN09433703	SRR7350755	Bacteria	Pseudomonadota	Gammaproteobacteria	Enterobacterales	Enterobacteriaceae	Salmonella
938	Salmonella enterica subsp. enterica serovar Agona	AAABLC.gz	AAABLC010000001-AAABLC010000057	57	4825272	BCT	2018-06-17	2019-02-12	PRJNA248792	SAMN09433704	SRR7350759	Bacteria	Pseudomonadota	Gammaproteobacteria	Enterobacterales	Enterobacteriaceae	Salmonella
939	Salmonella enterica subsp. enterica serovar Enteritidis	AAABLD.gz	AAABLD010000001-AAABLD010000042	42	4720795	BCT	2018-06-17	2019-02-12	PRJNA248792	SAMN09433747	SRR7350807	Bacteria	Pseudomonadota	Gammaproteobacteria	Enterobacterales	Enterobacteriaceae	Salmonella
940	Salmonella enterica subsp. enterica serovar Altona	AAABLE.gz	AAABLE010000001-AAABLE010000082	82	4678174	BCT	2018-06-17	2019-02-12	PRJNA248792	SAMN09433612	SRR7350676	Bacteria	Pseudomonadota	Gammaproteobacteria	Enterobacterales	Enterobacteriaceae	Salmonella
941	Salmonella enterica subsp. enterica serovar Virchow	AAABLF.gz	AAABLF010000001-AAABLF010000063	63	4785516	BCT	2018-06-17	2019-02-12	PRJNA248792	SAMN09433725	SRR7350799	Bacteria	Pseudomonadota	Gammaproteobacteria	Enterobacterales	Enterobacteriaceae	Salmonella
942	Salmonella enterica subsp. enterica serovar Virchow	AAABLG.gz	AAABLG010000001-AAABLG010000127	127	4704299	BCT	2018-06-17	2019-02-12	PRJNA248792	SAMN09433749	SRR7350806	Bacteria	Pseudomonadota	Gammaproteobacteria	Enterobacterales	Enterobacteriaceae	Salmonella
943	Salmonella enterica subsp. enterica serovar Havana	AAABLH.gz	AAABLH010000001-AAABLH010000065	65	4685517	BCT	2018-06-17	2019-02-12	PRJNA248792	SAMN09433658	SRR7350715	Bacteria	Pseudomonadota	Gammaproteobacteria	Enterobacterales	Enterobacteriaceae	Salmonella
944	Salmonella enterica subsp. enterica serovar Weltevreden	AAABLI.gz	AAABLI010000001-AAABLI010000078	78	4903269	BCT	2018-06-17	2019-02-12	PRJNA248792	SAMN09433723	SRR7350783	Bacteria	Pseudomonadota	Gammaproteobacteria	Enterobacterales	Enterobacteriaceae	Salmonella
945	Salmonella enterica subsp. enterica serovar Braenderup	AAABLJ.gz	AAABLJ010000001-AAABLJ010000055	55	4708708	BCT	2018-06-17	2019-02-12	PRJNA248792	SAMN09433722	SRR7350784	Bacteria	Pseudomonadota	Gammaproteobacteria	Enterobacterales	Enterobacteriaceae	Salmonella
946	Salmonella enterica subsp. enterica serovar Typhimurium	AAABLK.gz	AAABLK010000001-AAABLK010000088	88	4899800	BCT	2018-06-17	2019-02-12	PRJNA248792	SAMN09433728	SRR7350788	Bacteria	Pseudomonadota	Gammaproteobacteria	Enterobacterales	Enterobacteriaceae	Salmonella
947	Salmonella enterica subsp. enterica serovar Stanley	AAABLL.gz	AAABLL010000001-AAABLL010000044	44	4692749	BCT	2018-06-18	2019-02-12	PRJNA248792	SAMN09433795	SRR7350825	Bacteria	Pseudomonadota	Gammaproteobacteria	Enterobacterales	Enterobacteriaceae	Salmonella
948	Salmonella enterica subsp. enterica serovar Enteritidis	AAABLM.gz	AAABLM010000001-AAABLM010000035	35	4686868	BCT	2018-06-17	2019-02-12	PRJNA248792	SAMN09433740	SRR7350789	Bacteria	Pseudomonadota	Gammaproteobacteria	Enterobacterales	Enterobacteriaceae	Salmonella
949	Salmonella enterica subsp. enterica serovar Oslo	AAABLN.gz	AAABLN010000001-AAABLN010000095	95	4535422	BCT	2018-06-18	2019-02-12	PRJNA248792	SAMN09433800	SRR7350858	Bacteria	Pseudomonadota	Gammaproteobacteria	Enterobacterales	Enterobacteriaceae	Salmonella
950	Salmonella enterica subsp. enterica serovar Agona	AAABLO.gz	AAABLO010000001-AAABLO010000067	67	4760690	BCT	2018-06-18	2019-02-12	PRJNA248792	SAMN09433785	SRR7350844	Bacteria	Pseudomonadota	Gammaproteobacteria	Enterobacterales	Enterobacteriaceae	Salmonella
951	Salmonella enterica subsp. enterica serovar Paratyphi A	AAABLP.gz	AAABLP010000001-AAABLP010000052	52	4542717	BCT	2018-06-18	2019-02-12	PRJNA248792	SAMN09433774	SRR7350831	Bacteria	Pseudomonadota	Gammaproteobacteria	Enterobacterales	Enterobacteriaceae	Salmonella
952	Salmonella enterica subsp. enterica serovar Schwarzengrund	AAABLQ.gz	AAABLQ010000001-AAABLQ010000083	83	4948042	BCT	2018-06-18	2019-02-12	PRJNA248792	SAMN09433799	SRR7350860	Bacteria	Pseudomonadota	Gammaproteobacteria	Enterobacterales	Enterobacteriaceae	Salmonella
953	Salmonella enterica subsp. enterica serovar Enteritidis	AAABLR.gz	AAABLR010000001-AAABLR010000096	96	4684671	BCT	2018-06-18	2019-02-12	PRJNA248792	SAMN09433801	SRR7350873	Bacteria	Pseudomonadota	Gammaproteobacteria	Enterobacterales	Enterobacteriaceae	Salmonella
954	Salmonella enterica subsp. enterica serovar Mikawasima	AAABLS.gz	AAABLS010000001-AAABLS010000037	37	4853014	BCT	2018-06-18	2019-02-12	PRJNA248792	SAMN09433819	SRR7350879	Bacteria	Pseudomonadota	Gammaproteobacteria	Enterobacterales	Enterobacteriaceae	Salmonella
955	Salmonella enterica subsp. enterica serovar Typhimurium	AAABLT.gz	AAABLT010000001-AAABLT010000065	65	4749698	BCT	2018-06-18	2019-02-12	PRJNA248792	SAMN09433815	SRR7350871	Bacteria	Pseudomonadota	Gammaproteobacteria	Enterobacterales	Enterobacteriaceae	Salmonella
956	Salmonella enterica subsp. enterica serovar Adelaide	AAABLU.gz	AAABLU010000001-AAABLU010000076	76	4747796	BCT	2018-06-19	2019-02-12	PRJNA248792	SAMN09434814	SRR7351317	Bacteria	Pseudomonadota	Gammaproteobacteria	Enterobacterales	Enterobacteriaceae	Salmonella
957	Salmonella enterica subsp. enterica serovar Stanley	AAABLV.gz	AAABLV010000001-AAABLV010000044	44	4615073	BCT	2018-06-19	2019-02-12	PRJNA248792	SAMN09434845	SRR7351341	Bacteria	Pseudomonadota	Gammaproteobacteria	Enterobacterales	Enterobacteriaceae	Salmonella
958	Salmonella enterica subsp. enterica serovar Mississippi	AAABLW.gz	AAABLW010000001-AAABLW010000073	73	4528858	BCT	2018-06-19	2019-02-12	PRJNA248792	SAMN09434865	SRR7351356	Bacteria	Pseudomonadota	Gammaproteobacteria	Enterobacterales	Enterobacteriaceae	Salmonella
959	Salmonella enterica subsp. enterica serovar Agona	AAABLX.gz	AAABLX010000001-AAABLX010000131	131	4807873	BCT	2018-06-19	2019-02-12	PRJNA248792	SAMN09434864	SRR7351354	Bacteria	Pseudomonadota	Gammaproteobacteria	Enterobacterales	Enterobacteriaceae	Salmonella
960	Salmonella enterica subsp. enterica serovar Typhi	AAABLY.gz	AAABLY010000001-AAABLY010000087	87	4812543	BCT	2018-06-19	2019-02-12	PRJNA248792	SAMN09434824	SRR7351328	Bacteria	Pseudomonadota	Gammaproteobacteria	Enterobacterales	Enterobacteriaceae	Salmonella
961	Salmonella enterica subsp. enterica serovar Chester	AAABLZ.gz	AAABLZ010000001-AAABLZ010000069	69	4592167	BCT	2018-06-19	2019-02-12	PRJNA248792	SAMN09434877	SRR7351384	Bacteria	Pseudomonadota	Gammaproteobacteria	Enterobacterales	Enterobacteriaceae	Salmonella
962	Salmonella enterica subsp. enterica serovar Enteritidis	AAABMA.gz	AAABMA010000001-AAABMA010000049	49	4694571	BCT	2018-06-19	2019-02-12	PRJNA248792	SAMN09434851	SRR7351378	Bacteria	Pseudomonadota	Gammaproteobacteria	Enterobacterales	Enterobacteriaceae	Salmonella
963	Salmonella enterica subsp. enterica serovar Newport	AAABMB.gz	AAABMB010000001-AAABMB010000058	58	4675088	BCT	2018-06-19	2019-02-12	PRJNA248792	SAMN09434869	SRR7351383	Bacteria	Pseudomonadota	Gammaproteobacteria	Enterobacterales	Enterobacteriaceae	Salmonella
964	Salmonella enterica subsp. enterica serovar Typhimurium	AAABMC.gz	AAABMC010000001-AAABMC010000110	110	4978719	BCT	2018-06-19	2019-02-12	PRJNA248792	SAMN09434884	SRR7351393	Bacteria	Pseudomonadota	Gammaproteobacteria	Enterobacterales	Enterobacteriaceae	Salmonella
965	Salmonella enterica subsp. enterica serovar Havana	AAABMD.gz	AAABMD010000001-AAABMD010000281	281	4710912	BCT	2018-06-19	2019-02-12	PRJNA248792	SAMN09434858	SRR7351374	Bacteria	Pseudomonadota	Gammaproteobacteria	Enterobacterales	Enterobacteriaceae	Salmonella
966	Salmonella enterica subsp. enterica	AAABME.gz	AAABME010000001-AAABME010000089	89	4998980	BCT	2018-06-19	2019-02-12	PRJNA248792	SAMN09434889	SRR7351400	Bacteria	Pseudomonadota	Gammaproteobacteria	Enterobacterales	Enterobacteriaceae	Salmonella
967	Salmonella enterica subsp. enterica serovar Abony	AAABMF.gz	AAABMF010000001-AAABMF010000085	85	5040521	BCT	2018-06-19	2019-02-12	PRJNA248792	SAMN09434871	SRR7351379	Bacteria	Pseudomonadota	Gammaproteobacteria	Enterobacterales	Enterobacteriaceae	Salmonella
968	Salmonella enterica subsp. enterica serovar Agona	AAABMG.gz	AAABMG010000001-AAABMG010000104	104	4793774	BCT	2018-06-19	2019-02-12	PRJNA248792	SAMN09434996	SRR7351520	Bacteria	Pseudomonadota	Gammaproteobacteria	Enterobacterales	Enterobacteriaceae	Salmonella
969	Salmonella enterica subsp. enterica serovar Kentucky	AAABMH.gz	AAABMH010000001-AAABMH010000086	86	4821395	BCT	2018-06-19	2019-02-12	PRJNA248792	SAMN09434963	SRR7351477	Bacteria	Pseudomonadota	Gammaproteobacteria	Enterobacterales	Enterobacteriaceae	Salmonella
970	Salmonella enterica subsp. enterica serovar Infantis	AAABMI.gz	AAABMI010000001-AAABMI010000090	90	4924040	BCT	2018-06-19	2019-02-12	PRJNA248792	SAMN09434954	SRR7351472	Bacteria	Pseudomonadota	Gammaproteobacteria	Enterobacterales	Enterobacteriaceae	Salmonella
971	Salmonella enterica subsp. enterica serovar Adjame	AAABMJ.gz	AAABMJ010000001-AAABMJ010000068	68	4620469	BCT	2018-06-19	2019-02-12	PRJNA248792	SAMN09434937	SRR7351460	Bacteria	Pseudomonadota	Gammaproteobacteria	Enterobacterales	Enterobacteriaceae	Salmonella
972	Salmonella enterica subsp. enterica serovar Paratyphi B var. L(+) tartrate +	AAABMK.gz	AAABMK010000001-AAABMK010000136	136	4657961	BCT	2018-06-19	2019-02-12	PRJNA248792	SAMN09434894	SRR7351402	Bacteria	Pseudomonadota	Gammaproteobacteria	Enterobacterales	Enterobacteriaceae	Salmonella
973	Salmonella enterica subsp. enterica serovar London	AAABML.gz	AAABML010000001-AAABML010000075	75	4944082	BCT	2018-06-19	2019-02-12	PRJNA248792	SAMN09434938	SRR7351457	Bacteria	Pseudomonadota	Gammaproteobacteria	Enterobacterales	Enterobacteriaceae	Salmonella
974	Salmonella enterica subsp. enterica serovar Enteritidis	AAABMM.gz	AAABMM010000001-AAABMM010000043	43	4725940	BCT	2018-06-19	2019-02-12	PRJNA248792	SAMN09434901	SRR7351414	Bacteria	Pseudomonadota	Gammaproteobacteria	Enterobacterales	Enterobacteriaceae	Salmonella
975	Salmonella enterica subsp. enterica serovar Virchow	AAABMN.gz	AAABMN010000001-AAABMN010000069	69	4663174	BCT	2018-06-19	2019-02-12	PRJNA248792	SAMN09434920	SRR7351432	Bacteria	Pseudomonadota	Gammaproteobacteria	Enterobacterales	Enterobacteriaceae	Salmonella
976	Salmonella enterica subsp. enterica serovar Oranienburg	AAABMO.gz	AAABMO010000001-AAABMO010000118	118	4808116	BCT	2018-06-19	2019-02-12	PRJNA248792	SAMN09434941	SRR7351456	Bacteria	Pseudomonadota	Gammaproteobacteria	Enterobacterales	Enterobacteriaceae	Salmonella
977	Salmonella enterica subsp. enterica serovar Kentucky	AAABMP.gz	AAABMP010000001-AAABMP010000051	51	4835080	BCT	2018-06-19	2019-02-12	PRJNA248792	SAMN09434956	SRR7351478	Bacteria	Pseudomonadota	Gammaproteobacteria	Enterobacterales	Enterobacteriaceae	Salmonella
978	Salmonella enterica subsp. enterica serovar Typhimurium	AAABMQ.gz	AAABMQ010000001-AAABMQ010000080	80	4875785	BCT	2018-06-19	2019-02-12	PRJNA248792	SAMN09434964	SRR7351471	Bacteria	Pseudomonadota	Gammaproteobacteria	Enterobacterales	Enterobacteriaceae	Salmonella
979	Salmonella enterica subsp. salamae	AAABMR.gz	AAABMR010000001-AAABMR010000084	84	4846492	BCT	2018-06-19	2019-02-12	PRJNA248792	SAMN09434968	SRR7351488	Bacteria	Pseudomonadota	Gammaproteobacteria	Enterobacterales	Enterobacteriaceae	Salmonella
980	Salmonella enterica subsp. enterica	AAABMS.gz	AAABMS010000001-AAABMS010000048	48	4758722	BCT	2018-06-19	2019-02-12	PRJNA248792	SAMN09434990	SRR7351515	Bacteria	Pseudomonadota	Gammaproteobacteria	Enterobacterales	Enterobacteriaceae	Salmonella
981	Salmonella enterica subsp. enterica serovar Kedougou	AAABMT.gz	AAABMT010000001-AAABMT010000078	78	4767949	BCT	2018-06-19	2019-02-12	PRJNA248792	SAMN09434985	SRR7351507	Bacteria	Pseudomonadota	Gammaproteobacteria	Enterobacterales	Enterobacteriaceae	Salmonella
982	Salmonella enterica subsp. enterica serovar Typhimurium	AAABMU.gz	AAABMU010000001-AAABMU010000173	173	4926415	BCT	2018-06-19	2019-02-12	PRJNA248792	SAMN09435000	SRR7351521	Bacteria	Pseudomonadota	Gammaproteobacteria	Enterobacterales	Enterobacteriaceae	Salmonella
983	Salmonella enterica subsp. enterica	AAABMV.gz	AAABMV010000001-AAABMV010000093	93	4885429	BCT	2018-06-19	2019-02-12	PRJNA248792	SAMN09435006	SRR7351529	Bacteria	Pseudomonadota	Gammaproteobacteria	Enterobacterales	Enterobacteriaceae	Salmonella
984	Salmonella enterica subsp. diarizonae	AAABMW.gz	AAABMW010000001-AAABMW010000133	133	5338706	BCT	2018-06-19	2019-02-12	PRJNA248792	SAMN09435037	SRR7351559	Bacteria	Pseudomonadota	Gammaproteobacteria	Enterobacterales	Enterobacteriaceae	Salmonella
985	Salmonella enterica subsp. enterica serovar Indiana	AAABMX.gz	AAABMX010000001-AAABMX010000068	68	4698174	BCT	2018-06-19	2019-02-12	PRJNA248792	SAMN09435031	SRR7351548	Bacteria	Pseudomonadota	Gammaproteobacteria	Enterobacterales	Enterobacteriaceae	Salmonella
986	Salmonella enterica subsp. enterica serovar Typhimurium	AAABMY.gz	AAABMY010000001-AAABMY010000120	120	4837283	BCT	2018-06-19	2019-02-12	PRJNA248792	SAMN09435022	SRR7351550	Bacteria	Pseudomonadota	Gammaproteobacteria	Enterobacterales	Enterobacteriaceae	Salmonella
987	Salmonella enterica subsp. enterica serovar Stanley	AAABMZ.gz	AAABMZ010000001-AAABMZ010000040	40	4691554	BCT	2018-06-19	2019-02-12	PRJNA248792	SAMN09435042	SRR7351564	Bacteria	Pseudomonadota	Gammaproteobacteria	Enterobacterales	Enterobacteriaceae	Salmonella
988	Salmonella enterica subsp. enterica serovar Vitkin	AAABNA.gz	AAABNA010000001-AAABNA010000087	87	5120622	BCT	2018-06-19	2019-02-12	PRJNA248792	SAMN09435014	SRR7351545	Bacteria	Pseudomonadota	Gammaproteobacteria	Enterobacterales	Enterobacteriaceae	Salmonella
989	Salmonella enterica subsp. enterica serovar Typhimurium	AAABNB.gz	AAABNB010000001-AAABNB010000059	59	4739868	BCT	2018-06-19	2019-02-12	PRJNA248792	SAMN09435043	SRR7351568	Bacteria	Pseudomonadota	Gammaproteobacteria	Enterobacterales	Enterobacteriaceae	Salmonella
990	Salmonella enterica subsp. enterica serovar Stanley	AAABNC.gz	AAABNC010000001-AAABNC010000038	38	4671881	BCT	2018-06-19	2019-02-12	PRJNA248792	SAMN09435015	SRR7351542	Bacteria	Pseudomonadota	Gammaproteobacteria	Enterobacterales	Enterobacteriaceae	Salmonella
991	Salmonella enterica subsp. enterica serovar Hadar	AAABND.gz	AAABND010000001-AAABND010000048	48	4668220	BCT	2018-06-19	2019-02-12	PRJNA248792	SAMN09435047	SRR7351562	Bacteria	Pseudomonadota	Gammaproteobacteria	Enterobacterales	Enterobacteriaceae	Salmonella
992	Salmonella enterica	AAABNE.gz	AAABNE010000001-AAABNE010000056	56	4832721	BCT	2018-06-19	2019-02-12	PRJNA284276	SAMN09242619	SRR7369719	Bacteria	Pseudomonadota	Gammaproteobacteria	Enterobacterales	Enterobacteriaceae	Salmonella
993	Salmonella enterica subsp. enterica serovar Braenderup	AAABNF.gz	AAABNF010000001-AAABNF010000050	50	4705419	BCT	2018-06-19	2019-02-12	PRJNA248792	SAMN09435053	SRR7351557	Bacteria	Pseudomonadota	Gammaproteobacteria	Enterobacterales	Enterobacteriaceae	Salmonella
994	Salmonella enterica subsp. enterica serovar Newport	AAABNG.gz	AAABNG010000001-AAABNG010000058	58	4637729	BCT	2018-06-19	2019-02-12	PRJNA248792	SAMN09435089	SRR7351620	Bacteria	Pseudomonadota	Gammaproteobacteria	Enterobacterales	Enterobacteriaceae	Salmonella
995	Salmonella enterica subsp. enterica	AAABNH.gz	AAABNH010000001-AAABNH010000139	139	5064815	BCT	2018-06-19	2019-02-12	PRJNA248792	SAMN09435081	SRR7351611	Bacteria	Pseudomonadota	Gammaproteobacteria	Enterobacterales	Enterobacteriaceae	Salmonella
996	Salmonella enterica subsp. enterica serovar Enteritidis	AAABNI.gz	AAABNI010000001-AAABNI010000039	39	4687226	BCT	2018-06-19	2019-02-12	PRJNA248792	SAMN09435093	SRR7351624	Bacteria	Pseudomonadota	Gammaproteobacteria	Enterobacterales	Enterobacteriaceae	Salmonella
997	Salmonella enterica subsp. enterica serovar Enteritidis	AAABNJ.gz	AAABNJ010000001-AAABNJ010000173	173	4781990	BCT	2018-06-19	2019-02-12	PRJNA248792	SAMN09435064	SRR7351588	Bacteria	Pseudomonadota	Gammaproteobacteria	Enterobacterales	Enterobacteriaceae	Salmonella
998	Salmonella enterica subsp. enterica serovar Cubana	AAABNK.gz	AAABNK010000001-AAABNK010000077	77	4947390	BCT	2018-06-19	2019-02-12	PRJNA248792	SAMN09435079	SRR7351608	Bacteria	Pseudomonadota	Gammaproteobacteria	Enterobacterales	Enterobacteriaceae	Salmonella
999	Salmonella enterica subsp. enterica serovar Weltevreden	AAABNL.gz	AAABNL010000001-AAABNL010000093	93	4959004	BCT	2018-06-19	2019-02-12	PRJNA248792	SAMN09435078	SRR7351597	Bacteria	Pseudomonadota	Gammaproteobacteria	Enterobacterales	Enterobacteriaceae	Salmonella
